Workbook

Sheet Panduan
A1: PANDUAN PENGGUNAAN — LKS 2026 Penilaian Juri
A2: BANTUAN ONLINE (GitHub) — klik baris di bawah jika bingung cara pakai:
A3: → Daftar semua panduan juri
A4: → Modul A — Organisasi & manajemen kerja
A5: → Modul B — Jurnal teknis
A6: → Modul C — Perakitan robot
A7: → Modul D — Gerakan dasar
A8: → Modul E — panduan lengkap (WAJIB BACA)
A9: → Log Run Otonom — panduan lengkap (WAJIB BACA)
A10: → Modul E — contoh angka step-by-step
A11: → Undian Kubus — pengacakan posisi
A12: → Rekapitulasi — total & CIS
... A32: Sheet: Panduan | Modul A-E | Undian Kubus | Log Run | Rekapitulasi

Sheet Modul A
A1: MODUL A — Organisasi & Manajemen Kerja (8 poin, Judgement)
A2: Bingung cara nilai Modul A? Buka panduan di GitHub (klik di sini)
A3: Tim No: | C3: Nama Tim: | E3: Kontingen: | G3: Tanggal:
A4: Juri 1: | C4: Juri 2: | E4: Juri 3:
A6: Sub | B6: Kriteria | C6: Max | D6: Juri 1 | E6: Juri 2 | F6: Juri 3 | G6: Rata-rata | H6: Skor Akhir | I6: Selisih | J6: Catatan
A7: A1 | B7: Efisiensi Penjadwalan Kerja | C7: 2 | G7: =IF(COUNT(D7:F7)=0,"",AVERAGE(D7:F7)) | H7: =IF(G7="",0,G7*C7/3) | I7: =IF(COUNT(D7:F7)<2,"",MAX(D7:F7)-MIN(D7:F7))
A8: A2 | B8: Kolaborasi Tim & Manajemen Tugas | C8: 2 | G8: =IF(COUNT(D8:F8)=0,"",AVERAGE(D8:F8)) | H8: =IF(G8="",0,G8*C8/3) | I8: =IF(COUNT(D8:F8)<2,"",MAX(D8:F8)-MIN(D8:F8))
A9: A3 | B9: Organisasi & Kerapian Area Kerja (5S) | C9: 2 | G9: =IF(COUNT(D9:F9)=0,"",AVERAGE(D9:F9)) | H9: =IF(G9="",0,G9*C9/3) | I9: =IF(COUNT(D9:F9)<2,"",MAX(D9:F9)-MIN(D9:F9))
A10: A4 | B10: Restorasi Area Kerja | C10: 2 | G10: =IF(COUNT(D10:F10)=0,"",AVERAGE(D10:F10)) | H10: =IF(G10="",0,G10*C10/3) | I10: =IF(COUNT(D10:F10)<2,"",MAX(D10:F10)-MIN(D10:F10))
B11: TOTAL MODUL A | C11: 8 | H11: =SUM(H7:H10)

Sheet Modul B
A1: MODUL B — Jurnal / Laporan Teknis (10 poin: J 8 + M 2)
A2: Bingung cara nilai Modul B? Buka panduan di GitHub (klik di sini)
A3: Tim No: | C3: Nama Tim: | E3: Kontingen: | G3: Deadline:
A4: Juri 1: | C4: Juri 2: | E4: Juri 3: | G4: Tepat Waktu (1/0):
A6: Kode | B6: Aspek | C6: Tipe | D6: Max | E6: J1 | F6: J2 | G6: J3 | H6: Rata-rata | I6: Skor Akhir | J6: Selisih | K6: Catatan
A7: B-J1 | B7: Kualitas Fabrikasi Rangka & Stabilitas | C7: J | D7: 1.5 | H7: =IF(COUNT(E7:G7)=0,"",AVERAGE(E7:G7)) | I7: =IF(H7="",0,H7*D7/3) | J7: =IF(COUNT(E7:G7)<2,"",MAX(E7:G7)-MIN(E7:G7))
A8: B-J2 | B8: Manajemen Pengkabelan (Wiring) | C8: J | D8: 1.5 | H8: =IF(COUNT(E8:G8)=0,"",AVERAGE(E8:G8)) | I8: =IF(H8="",0,H8*D8/3) | J8: =IF(COUNT(E8:G8)<2,"",MAX(E8:G8)-MIN(E8:G8))
A9: B-J3 | B9: Integrasi Sistem Penggerak | C9: J | D9: 1.5 | H9: =IF(COUNT(E9:G9)=0,"",AVERAGE(E9:G9)) | I9: =IF(H9="",0,H9*D9/3) | J9: =IF(COUNT(E9:G9)<2,"",MAX(E9:G9)-MIN(E9:G9))
A10: B-J4 | B10: Kalibrasi Sensor & Aktuator | C10: J | D10: 1.5 | H10: =IF(COUNT(E10:G10)=0,"",AVERAGE(E10:G10)) | I10: =IF(H10="",0,H10*D10/3) | J10: =IF(COUNT(E10:G10)<2,"",MAX(E10:G10)-MIN(E10:G10))
A11: B-J5 | B11: Optimasi Software-Hardware | C11: J | D11: 1.5 | H11: =IF(COUNT(E11:G11)=0,"",AVERAGE(E11:G11)) | I11: =IF(H11="",0,H11*D11/3) | J11: =IF(COUNT(E11:G11)<2,"",MAX(E11:G11)-MIN(E11:G11))
A12: B-J6 | B12: Kelengkapan Dokumentasi | C12: J | D12: 0.5 | H12: =IF(COUNT(E12:G12)=0,"",AVERAGE(E12:G12)) | I12: =IF(H12="",0,H12*D12/3) | J12: =IF(COUNT(E12:G12)<2,"",MAX(E12:G12)-MIN(E12:G12))
B13: SUBTOTAL JUDGEMENT | D13: 8 | I13: =SUM(I7:I12)
A14: B-M1 | B14: Ketepatan Mengumpulkan sesuai Waktu | C14: M | D14: 2 | I14: =IF(G4="",0,G4*D14)
B15: TOTAL MODUL B | D15: 10 | I15: =I13+I14
A17: CHECKLIST KELENGKAPAN (1=ada)
A18: C1 | B18: Analisis Tugas & Strategi
A19: C2 | B19: Desain Mekanik
A20: C3 | B20: Diagram Blok
A21: C4 | B21: Bill of Materials
A22: C5 | B22: Dokumentasi Fabrikasi
A23: C6 | B23: Manajemen Kelistrikan
A24: C7 | B24: Penempatan Sensor
A25: C8 | B25: Arsitektur Software
A26: C9 | B26: Algoritma Navigasi
A27: C10 | B27: Algoritma Visi
A28: C11 | B28: Flowchart
A29: C12 | B29: Data Kalibrasi
... A31: C14 | B31: Log Troubleshooting

Sheet Modul C
A1: MODUL C — Pembuatan & Perakitan Robot (10 poin, Judgement)
A2: Bingung cara nilai Modul C? Buka panduan di GitHub (klik di sini)
A3: Tim No: | C3: Nama Tim: | E3: Waktu Mulai: | G3: Waktu Selesai: | I3: Durasi (jam):
A4: Juri 1: | C4: Juri 2: | E4: Juri 3:
A6: Sub | B6: Kriteria | C6: Max | D6: J1 | E6: J2 | F6: J3 | G6: Rata-rata | H6: Skor Akhir | I6: Selisih | J6: Catatan
A7: C1 | B7: Perakitan L-Channel sebagai Penyangga Utama Lift | C7: 2.5 | G7: =IF(COUNT(D7:F7)=0,"",AVERAGE(D7:F7)) | H7: =IF(G7="",0,G7*C7/3) | I7: =IF(COUNT(D7:F7)<2,"",MAX(D7:F7)-MIN(D7:F7))
A8: C2 | B8: Integrasi Sistem Angkat / Gripper / Lifter | C8: 2.5 | G8: =IF(COUNT(D8:F8)=0,"",AVERAGE(D8:F8)) | H8: =IF(G8="",0,G8*C8/3) | I8: =IF(COUNT(D8:F8)<2,"",MAX(D8:F8)-MIN(D8:F8))
A9: C3 | B9: Kualitas Rewiring (rapi, aman) | C9: 2.5 | G9: =IF(COUNT(D9:F9)=0,"",AVERAGE(D9:F9)) | H9: =IF(G9="",0,G9*C9/3) | I9: =IF(COUNT(D9:F9)<2,"",MAX(D9:F9)-MIN(D9:F9))
A10: C4 | B10: Kelayakan Operasional (STOP, struktur stabil) | C10: 2.5 | G10: =IF(COUNT(D10:F10)=0,"",AVERAGE(D10:F10)) | H10: =IF(G10="",0,G10*C10/3) | I10: =IF(COUNT(D10:F10)<2,"",MAX(D10:F10)-MIN(D10:F10))
B11: TOTAL MODUL C | C11: 10 | H11: =SUM(H7:H10)
A13: CHECKLIST INSPEKSI (1=Lulus 0=Tidak)
A14: I1 | B14: L-Channel sebagai penyangga utama angkat
A15: I2 | B15: Sistem objek terpasang kuat di L-Channel
A16: I3 | B16: Tidak ada kabel terbuka/terjepit
A17: I4 | B17: Tombol STOP merah berfungsi
A18: I5 | B18: Selesai dalam batas 2 jam
A19: I6 | B19: Robot aman dioperasikan (K3)

Sheet Modul D
A1: MODUL D — Gerakan Dasar & Manajemen Objek (12 poin, Measurement)
A2: Bingung cara nilai Modul D? Buka panduan di GitHub (klik di sini)
A3: Tim No: | C3: Nama Tim: | E3: Tanggal:
A4: Juri Penilai:
A6: ID | B6: Evaluasi | C6: Indikator | D6: Bobot | E6: Hasil (1/0) | F6: Skor | G6: Catatan
A7: D1a | B7: Gerak maju 200-300 mm | C7: Observasi | D7: 0.5 | F7: =IF(E7="",0,E7*D7)
A8: D1b | B8: Gerak mundur 200-300 mm | C8: Observasi | D8: 0.5 | F8: =IF(E8="",0,E8*D8)
A9: D1c | B9: Gerak kanan 200-300 mm | C9: Observasi | D9: 0.5 | F9: =IF(E9="",0,E9*D9)
A10: D1d | B10: Gerak kiri 200-300 mm | C10: Observasi | D10: 0.5 | F10: =IF(E10="",0,E10*D10)
A11: D2a | B11: Maju stop 50-100 mm dari dinding | C11: Observasi | D11: 0.3 | F11: =IF(E11="",0,E11*D11)
A12: D2b | B12: Kanan stop 50-100 mm dari dinding | C12: Observasi | D12: 0.6 | F12: =IF(E12="",0,E12*D12)
A13: D3 | B13: Ikuti garis U | C13: Line follower | D13: 1 | F13: =IF(E13="",0,E13*D13)
A14: D4 | B14: Deteksi merah → teks merah | C14: Monitor | D14: 1 | F14: =IF(E14="",0,E14*D14)
A15: D5 | B15: Deteksi hijau → teks hijau | C15: Monitor | D15: 1 | F15: =IF(E15="",0,E15*D15)
A16: D6 | B16: Deteksi biru → teks biru | C16: Monitor | D16: 1 | F16: =IF(E16="",0,E16*D16)
A17: D7 | B17: Deteksi O-merah | C17: Monitor | D17: 1 | F17: =IF(E17="",0,E17*D17)
A18: D8 | B18: Deteksi O-hijau | C18: Monitor | D18: 1 | F18: =IF(E18="",0,E18*D18)
... A20: D10 | B20: Place kubus ke standbox | C20: Observasi arm | D20: 2 | F20: =IF(E20="",0,E20*D20)
B21: TOTAL (skala 12) | D21: 12 | F21: =ROUND(SUM(F7:F20)*12/12.9,2) | G21: Bobot mentah item = 12.9

Sheet Undian Kubus
A1: LEMBAR UNDIAN POSISI KUBUS — LKS 2026
A2: Bingung cara isi? Buka panduan Undian Kubus di GitHub (klik di sini)
A3: Run ID: | B3: RUN-01 | D3: Tim No: | E3: 05 | G3: Nama Tim: | H3: SMK Contoh
A4: Hari: | B4: H2 | D4: Tanggal: | E4: 24/06/2026 | G4: Arena No: | H4: 2
A5: Fase: | B5: Trial | D5: Juru Acak: | G5: Juri Saksi:
A6: Waktu Undian:
A8: KATALOG KUBUS (referensi — 9 buah)
A9: ID Kubus | B9: Warna | C9: Bentuk | D9: RGB
A10: K-M1 | B10: Merah | C10: Lingkaran | D10: 255-0-0
A11: K-M2 | B11: Merah | C11: Persegi | D11: 255-0-0
A12: K-M3 | B12: Merah | C12: Segitiga | D12: 255-0-0
A13: K-H1 | B13: Hijau | C13: Lingkaran | D13: 0-255-0
A14: K-H2 | B14: Hijau | C14: Persegi | D14: 0-255-0
A15: K-H3 | B15: Hijau | C15: Segitiga | D15: 0-255-0
A16: K-B1 | B16: Biru | C16: Lingkaran | D16: 0-0-255
A17: K-B2 | B17: Biru | C17: Persegi | D17: 0-0-255
A18: K-B3 | B18: Biru | C18: Segitiga | D18: 0-0-255
A20: KONFIGURASI MARKER RAK — isi warna di baris 24 (ketik: Merah / Hijau / Biru)
A21: KETERANGAN: R1–R3 = Rak 1–3 di arena (3 buah rak, masing-masing 3 slot). S1/S2/S3 = Slot kiri / tengah / kanan (dilihat dari depan rak). Marker = warna label di ATAS slot — kubus sukses jika ditaruh di slot yang marker-nya sama warnanya dengan kubus.
A22: ▼ RAK 1 | D22: ▼ RAK 2 | G22: ▼ RAK 3
A23: Rak1 · kiri | B23: Rak1 · tengah | C23: Rak1 · kanan | D23: Rak2 · kiri | E23: Rak2 · tengah | F23: Rak2 · kanan | G23: Rak3 · kiri | H23: Rak3 · tengah | I23: Rak3 · kanan
A24: Merah | B24: Hijau | C24: Biru | D24: Biru | E24: Merah | F24: Hijau | G24: Hijau | H24: Biru | I24: Merah
A25: POSISI AWAL SETELAH UNDIAN (isi ID kubus — kolom lain otomatis)
A27: ID Kubus | B27: Warna | C27: Bentuk | D27: Lokasi Awal | E27: Rak/Stand | F27: Slot | G27: Sudah Benar (1/0) | H27: Target Rak | I27: Target Marker | J27: Perlu Dipindah? | K27: Catatan
A28: K-M1 | B28: =IF(A28="","",VLOOKUP(A28,'Undian Kubus'!$A$10:$D$18,2,FALSE)) | C28: =IF(A28="","",VLOOKUP(A28,'Undian Kubus'!$A$10:$D$18,3,FALSE)) | D28: =IF(A28="","",IF(E28="","(belum diisi — isi kolom E & F)",TRIM(E28&IF(F28<>""," — "&F28,"")))) | E28: Rak 1 | F28: kiri | G28: =IF(OR(A28="",E28="",F28=""),"",IF(OR(AND(OR(E28="Rak 1",E28="R1"),OR(LOWER(F28)="kiri",LOWER(F28)="s1",LOWER(F28)="r1-s1"),$A$24=B28),AND(OR(E28="Rak 1",E28="R1"),OR(LOWER(F28)="tengah",LOWER(F28)="s2",LOWER(F28)="r1-s2"),$B$24=B28),AND(OR(E28="Rak 1",E28="R1"),OR(LOWER(F28)="kanan",LOWER(F28)="s3",LOWER(F28)="r1-s3"),$C$24=B28),AND(OR(E28="Rak 2",E28="R2"),OR(LOWER(F28)="kiri",LOWER(F28)="s1",LOWER(F28)="r2-s1"),$D$24=B28),AND(OR(E28="Rak 2",E28="R2"),OR(LOWER(F28)="tengah",LOWER(F28)="s2",LOWER(F28)="r2-s2"),$E$24=B28),AND(OR(E28="Rak 2",E28="R2"),OR(LOWER(F28)="kanan",LOWER(F28)="s3",LOWER(F28)="r2-s3"),$F$24=B28),AND(OR(E28="Rak 3",E28="R3"),OR(LOWER(F28)="kiri",LOWER(F28)="s1",LOWER(F28)="r3-s1"),$G$24=B28),AND(OR(E28="Rak 3",E28="R3"),OR(LOWER(F28)="tengah",LOWER(F28)="s2",LOWER(F28)="r3-s2"),$H$24=B28),AND(OR(E28="Rak 3",E28="R3"),OR(LOWER(F28)="kanan",LOWER(F28)="s3",LOWER(F28)="r3-s3"),$I$24=B28)),1,0)) | H28: =IF(B28="","",IF(COUNTA($A$24:$I$24)=0,"(isi warna marker baris 24)",IF(IF(COUNTIF($A$24:$C$24,B28)>0,"Rak 1, ","")&IF(COUNTIF($D$24:$F$24,B28)>0,"Rak 2, ","")&IF(COUNTIF($G$24:$I$24,B28)>0,"Rak 3, ","")="","",IF(LEN(IF(COUNTIF($A$24:$C$24,B28)>0,"Rak 1, ","")&IF(COUNTIF($D$24:$F$24,B28)>0,"Rak 2, ","")&IF(COUNTIF($G$24:$I$24,B28)>0,"Rak 3, ",""))>2,LEFT(IF(COUNTIF($A$24:$C$24,B28)>0,"Rak 1, ","")&IF(COUNTIF($D$24:$F$24,B28)>0,"Rak 2, ","")&IF(COUNTIF($G$24:$I$24,B28)>0,"Rak 3, ",""),LEN(IF(COUNTIF($A$24:$C$24,B28)>0,"Rak 1, ","")&IF(COUNTIF($D$24:$F$24,B28)>0,"Rak 2, ","")&IF(COUNTIF($G$24:$I$24,B28)>0,"Rak 3, ",""))-2),IF(COUNTIF($A$24:$C$24,B28)>0,"Rak 1, ","")&IF(COUNTIF($D$24:$F$24,B28)>0,"Rak 2, ","")&IF(COUNTIF($G$24:$I$24,B28)>0,"Rak 3, ",""))))) | I28: =IF(B28="","",IF(COUNTA($A$24:$I$24)=0,"(isi warna marker baris 24)",IF(IF(IF($A$24=B28,"R1-S1 (Rak1 kiri), ","")&IF($B$24=B28,"R1-S2 (Rak1 tengah), ","")&IF($C$24=B28,"R1-S3 (Rak1 kanan), ","")&IF($D$24=B28,"R2-S1 (Rak2 kiri), ","")&IF($E$24=B28,"R2-S2 (Rak2 tengah), ","")&IF($F$24=B28,"R2-S3 (Rak2 kanan), ","")&IF($G$24=B28,"R3-S1 (Rak3 kiri), ","")&IF($H$24=B28,"R3-S2 (Rak3 tengah), ","")&IF($I$24=B28,"R3-S3 (Rak3 kanan), ","")="","",IF(LEN(IF($A$24=B28,"R1-S1 (Rak1 kiri), ","")&IF($B$24=B28,"R1-S2 (Rak1 tengah), ","")&IF($C$24=B28,"R1-S3 (Rak1 kanan), ","")&IF($D$24=B28,"R2-S1 (Rak2 kiri), ","")&IF($E$24=B28,"R2-S2 (Rak2 tengah), ","")&IF($F$24=B28,"R2-S3 (Rak2 kanan), ","")&IF($G$24=B28,"R3-S1 (Rak3 kiri), ","")&IF($H$24=B28,"R3-S2 (Rak3 tengah), ","")&IF($I$24=B28,"R3-S3 (Rak3 kanan), ",""))>2,LEFT(IF($A$24=B28,"R1-S1 (Rak1 kiri), ","")&IF($B$24=B28,"R1-S2 (Rak1 tengah), ","")&IF($C$24=B28,"R1-S3 (Rak1 kanan), ","")&IF($D$24=B28,"R2-S1 (Rak2 kiri), ","")&IF($E$24=B28,"R2-S2 (Rak2 tengah), ","")&IF($F$24=B28,"R2-S3 (Rak2 kanan), ","")&IF($G$24=B28,"R3-S1 (Rak3 kiri), ","")&IF($H$24=B28,"R3-S2 (Rak3 tengah), ","")&IF($I$24=B28,"R3-S3 (Rak3 kanan), ",""),LEN(IF($A$24=B28,"R1-S1 (Rak1 kiri), ","")&IF($B$24=B28,"R1-S2 (Rak1 tengah), ","")&IF($C$24=B28,"R1-S3 (Rak1 kanan), ","")&IF($D$24=B28,"R2-S1 (Rak2 kiri), ","")&IF($E$24=B28,"R2-S2 (Rak2 tengah), ","")&IF($F$24=B28,"R2-S3 (Rak2 kanan), ","")&IF($G$24=B28,"R3-S1 (Rak3 kiri), ","")&IF($H$24=B28,"R3-S2 (Rak3 tengah), ","")&IF($I$24=B28,"R3-S3 (Rak3 kanan), ",""))-2),IF($A$24=B28,"R1-S1 (Rak1 kiri), ","")&IF($B$24=B28,"R1-S2 (Rak1 tengah), ","")&IF($C$24=B28,"R1-S3 (Rak1 kanan), ","")&IF($D$24=B28,"R2-S1 (Rak2 kiri), ","")&IF($E$24=B28,"R2-S2 (Rak2 tengah), ","")&IF($F$24=B28,"R2-S3 (Rak2 kanan), ","")&IF($G$24=B28,"R3-S1 (Rak3 kiri), ","")&IF($H$24=B28,"R3-S2 (Rak3 tengah), ","")&IF($I$24=B28,"R3-S3 (Rak3 kanan), ","")))="","","Slot marker "&B28&": "&IF(IF($A$24=B28,"R1-S1 (Rak1 kiri), ","")&IF($B$24=B28,"R1-S2 (Rak1 tengah), ","")&IF($C$24=B28,"R1-S3 (Rak1 kanan), ","")&IF($D$24=B28,"R2-S1 (Rak2 kiri), ","")&IF($E$24=B28,"R2-S2 (Rak2 tengah), ","")&IF($F$24=B28,"R2-S3 (Rak2 kanan), ","")&IF($G$24=B28,"R3-S1 (Rak3 kiri), ","")&IF($H$24=B28,"R3-S2 (Rak3 tengah), ","")&IF($I$24=B28,"R3-S3 (Rak3 kanan), ","")="","",IF(LEN(IF($A$24=B28,"R1-S1 (Rak1 kiri), ","")&IF($B$24=B28,"R1-S2 (Rak1 tengah), ","")&IF($C$24=B28,"R1-S3 (Rak1 kanan), ","")&IF($D$24=B28,"R2-S1 (Rak2 kiri), ","")&IF($E$24=B28,"R2-S2 (Rak2 tengah), ","")&IF($F$24=B28,"R2-S3 (Rak2 kanan), ","")&IF($G$24=B28,"R3-S1 (Rak3 kiri), ","")&IF($H$24=B28,"R3-S2 (Rak3 tengah), ","")&IF($I$24=B28,"R3-S3 (Rak3 kanan), ",""))>2,LEFT(IF($A$24=B28,"R1-S1 (Rak1 kiri), ","")&IF($B$24=B28,"R1-S2 (Rak1 tengah), ","")&IF($C$24=B28,"R1-S3 (Rak1 kanan), ","")&IF($D$24=B28,"R2-S1 (Rak2 kiri), ","")&IF($E$24=B28,"R2-S2 (Rak2 tengah), ","")&IF($F$24=B28,"R2-S3 (Rak2 kanan), ","")&IF($G$24=B28,"R3-S1 (Rak3 kiri), ","")&IF($H$24=B28,"R3-S2 (Rak3 tengah), ","")&IF($I$24=B28,"R3-S3 (Rak3 kanan), ",""),LEN(IF($A$24=B28,"R1-S1 (Rak1 kiri), ","")&IF($B$24=B28,"R1-S2 (Rak1 tengah), ","")&IF($C$24=B28,"R1-S3 (Rak1 kanan), ","")&IF($D$24=B28,"R2-S1 (Rak2 kiri), ","")&IF($E$24=B28,"R2-S2 (Rak2 tengah), ","")&IF($F$24=B28,"R2-S3 (Rak2 kanan), ","")&IF($G$24=B28,"R3-S1 (Rak3 kiri), ","")&IF($H$24=B28,"R3-S2 (Rak3 tengah), ","")&IF($I$24=B28,"R3-S3 (Rak3 kanan), ",""))-2),IF($A$24=B28,"R1-S1 (Rak1 kiri), ","")&IF($B$24=B28,"R1-S2 (Rak1 tengah), ","")&IF($C$24=B28,"R1-S3 (Rak1 kanan), ","")&IF($D$24=B28,"R2-S1 (Rak2 kiri), ","")&IF($E$24=B28,"R2-S2 (Rak2 tengah), ","")&IF($F$24=B28,"R2-S3 (Rak2 kanan), ","")&IF($G$24=B28,"R3-S1 (Rak3 kiri), ","")&IF($H$24=B28,"R3-S2 (Rak3 tengah), ","")&IF($I$24=B28,"R3-S3 (Rak3 kanan), ","")))))) | J28: =IF(G28="","",IF(G28=1,0,1))
A29: K-M2 | B29: =IF(A29="","",VLOOKUP(A29,'Undian Kubus'!$A$10:$D$18,2,FALSE)) | C29: =IF(A29="","",VLOOKUP(A29,'Undian Kubus'!$A$10:$D$18,3,FALSE)) | D29: =IF(A29="","",IF(E29="","(belum diisi — isi kolom E & F)",TRIM(E29&IF(F29<>""," — "&F29,"")))) | E29: Stand A | F29: depan | G29: =IF(OR(A29="",E29="",F29=""),"",IF(OR(AND(OR(E29="Rak 1",E29="R1"),OR(LOWER(F29)="kiri",LOWER(F29)="s1",LOWER(F29)="r1-s1"),$A$24=B29),AND(OR(E29="Rak 1",E29="R1"),OR(LOWER(F29)="tengah",LOWER(F29)="s2",LOWER(F29)="r1-s2"),$B$24=B29),AND(OR(E29="Rak 1",E29="R1"),OR(LOWER(F29)="kanan",LOWER(F29)="s3",LOWER(F29)="r1-s3"),$C$24=B29),AND(OR(E29="Rak 2",E29="R2"),OR(LOWER(F29)="kiri",LOWER(F29)="s1",LOWER(F29)="r2-s1"),$D$24=B29),AND(OR(E29="Rak 2",E29="R2"),OR(LOWER(F29)="tengah",LOWER(F29)="s2",LOWER(F29)="r2-s2"),$E$24=B29),AND(OR(E29="Rak 2",E29="R2"),OR(LOWER(F29)="kanan",LOWER(F29)="s3",LOWER(F29)="r2-s3"),$F$24=B29),AND(OR(E29="Rak 3",E29="R3"),OR(LOWER(F29)="kiri",LOWER(F29)="s1",LOWER(F29)="r3-s1"),$G$24=B29),AND(OR(E29="Rak 3",E29="R3"),OR(LOWER(F29)="tengah",LOWER(F29)="s2",LOWER(F29)="r3-s2"),$H$24=B29),AND(OR(E29="Rak 3",E29="R3"),OR(LOWER(F29)="kanan",LOWER(F29)="s3",LOWER(F29)="r3-s3"),$I$24=B29)),1,0)) | H29: =IF(B29="","",IF(COUNTA($A$24:$I$24)=0,"(isi warna marker baris 24)",IF(IF(COUNTIF($A$24:$C$24,B29)>0,"Rak 1, ","")&IF(COUNTIF($D$24:$F$24,B29)>0,"Rak 2, ","")&IF(COUNTIF($G$24:$I$24,B29)>0,"Rak 3, ","")="","",IF(LEN(IF(COUNTIF($A$24:$C$24,B29)>0,"Rak 1, ","")&IF(COUNTIF($D$24:$F$24,B29)>0,"Rak 2, ","")&IF(COUNTIF($G$24:$I$24,B29)>0,"Rak 3, ",""))>2,LEFT(IF(COUNTIF($A$24:$C$24,B29)>0,"Rak 1, ","")&IF(COUNTIF($D$24:$F$24,B29)>0,"Rak 2, ","")&IF(COUNTIF($G$24:$I$24,B29)>0,"Rak 3, ",""),LEN(IF(COUNTIF($A$24:$C$24,B29)>0,"Rak 1, ","")&IF(COUNTIF($D$24:$F$24,B29)>0,"Rak 2, ","")&IF(COUNTIF($G$24:$I$24,B29)>0,"Rak 3, ",""))-2),IF(COUNTIF($A$24:$C$24,B29)>0,"Rak 1, ","")&IF(COUNTIF($D$24:$F$24,B29)>0,"Rak 2, ","")&IF(COUNTIF($G$24:$I$24,B29)>0,"Rak 3, ",""))))) | I29: =IF(B29="","",IF(COUNTA($A$24:$I$24)=0,"(isi warna marker baris 24)",IF(IF(IF($A$24=B29,"R1-S1 (Rak1 kiri), ","")&IF($B$24=B29,"R1-S2 (Rak1 tengah), ","")&IF($C$24=B29,"R1-S3 (Rak1 kanan), ","")&IF($D$24=B29,"R2-S1 (Rak2 kiri), ","")&IF($E$24=B29,"R2-S2 (Rak2 tengah), ","")&IF($F$24=B29,"R2-S3 (Rak2 kanan), ","")&IF($G$24=B29,"R3-S1 (Rak3 kiri), ","")&IF($H$24=B29,"R3-S2 (Rak3 tengah), ","")&IF($I$24=B29,"R3-S3 (Rak3 kanan), ","")="","",IF(LEN(IF($A$24=B29,"R1-S1 (Rak1 kiri), ","")&IF($B$24=B29,"R1-S2 (Rak1 tengah), ","")&IF($C$24=B29,"R1-S3 (Rak1 kanan), ","")&IF($D$24=B29,"R2-S1 (Rak2 kiri), ","")&IF($E$24=B29,"R2-S2 (Rak2 tengah), ","")&IF($F$24=B29,"R2-S3 (Rak2 kanan), ","")&IF($G$24=B29,"R3-S1 (Rak3 kiri), ","")&IF($H$24=B29,"R3-S2 (Rak3 tengah), ","")&IF($I$24=B29,"R3-S3 (Rak3 kanan), ",""))>2,LEFT(IF($A$24=B29,"R1-S1 (Rak1 kiri), ","")&IF($B$24=B29,"R1-S2 (Rak1 tengah), ","")&IF($C$24=B29,"R1-S3 (Rak1 kanan), ","")&IF($D$24=B29,"R2-S1 (Rak2 kiri), ","")&IF($E$24=B29,"R2-S2 (Rak2 tengah), ","")&IF($F$24=B29,"R2-S3 (Rak2 kanan), ","")&IF($G$24=B29,"R3-S1 (Rak3 kiri), ","")&IF($H$24=B29,"R3-S2 (Rak3 tengah), ","")&IF($I$24=B29,"R3-S3 (Rak3 kanan), ",""),LEN(IF($A$24=B29,"R1-S1 (Rak1 kiri), ","")&IF($B$24=B29,"R1-S2 (Rak1 tengah), ","")&IF($C$24=B29,"R1-S3 (Rak1 kanan), ","")&IF($D$24=B29,"R2-S1 (Rak2 kiri), ","")&IF($E$24=B29,"R2-S2 (Rak2 tengah), ","")&IF($F$24=B29,"R2-S3 (Rak2 kanan), ","")&IF($G$24=B29,"R3-S1 (Rak3 kiri), ","")&IF($H$24=B29,"R3-S2 (Rak3 tengah), ","")&IF($I$24=B29,"R3-S3 (Rak3 kanan), ",""))-2),IF($A$24=B29,"R1-S1 (Rak1 kiri), ","")&IF($B$24=B29,"R1-S2 (Rak1 tengah), ","")&IF($C$24=B29,"R1-S3 (Rak1 kanan), ","")&IF($D$24=B29,"R2-S1 (Rak2 kiri), ","")&IF($E$24=B29,"R2-S2 (Rak2 tengah), ","")&IF($F$24=B29,"R2-S3 (Rak2 kanan), ","")&IF($G$24=B29,"R3-S1 (Rak3 kiri), ","")&IF($H$24=B29,"R3-S2 (Rak3 tengah), ","")&IF($I$24=B29,"R3-S3 (Rak3 kanan), ","")))="","","Slot marker "&B29&": "&IF(IF($A$24=B29,"R1-S1 (Rak1 kiri), ","")&IF($B$24=B29,"R1-S2 (Rak1 tengah), ","")&IF($C$24=B29,"R1-S3 (Rak1 kanan), ","")&IF($D$24=B29,"R2-S1 (Rak2 kiri), ","")&IF($E$24=B29,"R2-S2 (Rak2 tengah), ","")&IF($F$24=B29,"R2-S3 (Rak2 kanan), ","")&IF($G$24=B29,"R3-S1 (Rak3 kiri), ","")&IF($H$24=B29,"R3-S2 (Rak3 tengah), ","")&IF($I$24=B29,"R3-S3 (Rak3 kanan), ","")="","",IF(LEN(IF($A$24=B29,"R1-S1 (Rak1 kiri), ","")&IF($B$24=B29,"R1-S2 (Rak1 tengah), ","")&IF($C$24=B29,"R1-S3 (Rak1 kanan), ","")&IF($D$24=B29,"R2-S1 (Rak2 kiri), ","")&IF($E$24=B29,"R2-S2 (Rak2 tengah), ","")&IF($F$24=B29,"R2-S3 (Rak2 kanan), ","")&IF($G$24=B29,"R3-S1 (Rak3 kiri), ","")&IF($H$24=B29,"R3-S2 (Rak3 tengah), ","")&IF($I$24=B29,"R3-S3 (Rak3 kanan), ",""))>2,LEFT(IF($A$24=B29,"R1-S1 (Rak1 kiri), ","")&IF($B$24=B29,"R1-S2 (Rak1 tengah), ","")&IF($C$24=B29,"R1-S3 (Rak1 kanan), ","")&IF($D$24=B29,"R2-S1 (Rak2 kiri), ","")&IF($E$24=B29,"R2-S2 (Rak2 tengah), ","")&IF($F$24=B29,"R2-S3 (Rak2 kanan), ","")&IF($G$24=B29,"R3-S1 (Rak3 kiri), ","")&IF($H$24=B29,"R3-S2 (Rak3 tengah), ","")&IF($I$24=B29,"R3-S3 (Rak3 kanan), ",""),LEN(IF($A$24=B29,"R1-S1 (Rak1 kiri), ","")&IF($B$24=B29,"R1-S2 (Rak1 tengah), ","")&IF($C$24=B29,"R1-S3 (Rak1 kanan), ","")&IF($D$24=B29,"R2-S1 (Rak2 kiri), ","")&IF($E$24=B29,"R2-S2 (Rak2 tengah), ","")&IF($F$24=B29,"R2-S3 (Rak2 kanan), ","")&IF($G$24=B29,"R3-S1 (Rak3 kiri), ","")&IF($H$24=B29,"R3-S2 (Rak3 tengah), ","")&IF($I$24=B29,"R3-S3 (Rak3 kanan), ",""))-2),IF($A$24=B29,"R1-S1 (Rak1 kiri), ","")&IF($B$24=B29,"R1-S2 (Rak1 tengah), ","")&IF($C$24=B29,"R1-S3 (Rak1 kanan), ","")&IF($D$24=B29,"R2-S1 (Rak2 kiri), ","")&IF($E$24=B29,"R2-S2 (Rak2 tengah), ","")&IF($F$24=B29,"R2-S3 (Rak2 kanan), ","")&IF($G$24=B29,"R3-S1 (Rak3 kiri), ","")&IF($H$24=B29,"R3-S2 (Rak3 tengah), ","")&IF($I$24=B29,"R3-S3 (Rak3 kanan), ","")))))) | J29: =IF(G29="","",IF(G29=1,0,1))
A30: K-M3 | B30: =IF(A30="","",VLOOKUP(A30,'Undian Kubus'!$A$10:$D$18,2,FALSE)) | C30: =IF(A30="","",VLOOKUP(A30,'Undian Kubus'!$A$10:$D$18,3,FALSE)) | D30: =IF(A30="","",IF(E30="","(belum diisi — isi kolom E & F)",TRIM(E30&IF(F30<>""," — "&F30,"")))) | E30: Rak 2 | F30: tengah | G30: =IF(OR(A30="",E30="",F30=""),"",IF(OR(AND(OR(E30="Rak 1",E30="R1"),OR(LOWER(F30)="kiri",LOWER(F30)="s1",LOWER(F30)="r1-s1"),$A$24=B30),AND(OR(E30="Rak 1",E30="R1"),OR(LOWER(F30)="tengah",LOWER(F30)="s2",LOWER(F30)="r1-s2"),$B$24=B30),AND(OR(E30="Rak 1",E30="R1"),OR(LOWER(F30)="kanan",LOWER(F30)="s3",LOWER(F30)="r1-s3"),$C$24=B30),AND(OR(E30="Rak 2",E30="R2"),OR(LOWER(F30)="kiri",LOWER(F30)="s1",LOWER(F30)="r2-s1"),$D$24=B30),AND(OR(E30="Rak 2",E30="R2"),OR(LOWER(F30)="tengah",LOWER(F30)="s2",LOWER(F30)="r2-s2"),$E$24=B30),AND(OR(E30="Rak 2",E30="R2"),OR(LOWER(F30)="kanan",LOWER(F30)="s3",LOWER(F30)="r2-s3"),$F$24=B30),AND(OR(E30="Rak 3",E30="R3"),OR(LOWER(F30)="kiri",LOWER(F30)="s1",LOWER(F30)="r3-s1"),$G$24=B30),AND(OR(E30="Rak 3",E30="R3"),OR(LOWER(F30)="tengah",LOWER(F30)="s2",LOWER(F30)="r3-s2"),$H$24=B30),AND(OR(E30="Rak 3",E30="R3"),OR(LOWER(F30)="kanan",LOWER(F30)="s3",LOWER(F30)="r3-s3"),$I$24=B30)),1,0)) | H30: =IF(B30="","",IF(COUNTA($A$24:$I$24)=0,"(isi warna marker baris 24)",IF(IF(COUNTIF($A$24:$C$24,B30)>0,"Rak 1, ","")&IF(COUNTIF($D$24:$F$24,B30)>0,"Rak 2, ","")&IF(COUNTIF($G$24:$I$24,B30)>0,"Rak 3, ","")="","",IF(LEN(IF(COUNTIF($A$24:$C$24,B30)>0,"Rak 1, ","")&IF(COUNTIF($D$24:$F$24,B30)>0,"Rak 2, ","")&IF(COUNTIF($G$24:$I$24,B30)>0,"Rak 3, ",""))>2,LEFT(IF(COUNTIF($A$24:$C$24,B30)>0,"Rak 1, ","")&IF(COUNTIF($D$24:$F$24,B30)>0,"Rak 2, ","")&IF(COUNTIF($G$24:$I$24,B30)>0,"Rak 3, ",""),LEN(IF(COUNTIF($A$24:$C$24,B30)>0,"Rak 1, ","")&IF(COUNTIF($D$24:$F$24,B30)>0,"Rak 2, ","")&IF(COUNTIF($G$24:$I$24,B30)>0,"Rak 3, ",""))-2),IF(COUNTIF($A$24:$C$24,B30)>0,"Rak 1, ","")&IF(COUNTIF($D$24:$F$24,B30)>0,"Rak 2, ","")&IF(COUNTIF($G$24:$I$24,B30)>0,"Rak 3, ",""))))) | I30: =IF(B30="","",IF(COUNTA($A$24:$I$24)=0,"(isi warna marker baris 24)",IF(IF(IF($A$24=B30,"R1-S1 (Rak1 kiri), ","")&IF($B$24=B30,"R1-S2 (Rak1 tengah), ","")&IF($C$24=B30,"R1-S3 (Rak1 kanan), ","")&IF($D$24=B30,"R2-S1 (Rak2 kiri), ","")&IF($E$24=B30,"R2-S2 (Rak2 tengah), ","")&IF($F$24=B30,"R2-S3 (Rak2 kanan), ","")&IF($G$24=B30,"R3-S1 (Rak3 kiri), ","")&IF($H$24=B30,"R3-S2 (Rak3 tengah), ","")&IF($I$24=B30,"R3-S3 (Rak3 kanan), ","")="","",IF(LEN(IF($A$24=B30,"R1-S1 (Rak1 kiri), ","")&IF($B$24=B30,"R1-S2 (Rak1 tengah), ","")&IF($C$24=B30,"R1-S3 (Rak1 kanan), ","")&IF($D$24=B30,"R2-S1 (Rak2 kiri), ","")&IF($E$24=B30,"R2-S2 (Rak2 tengah), ","")&IF($F$24=B30,"R2-S3 (Rak2 kanan), ","")&IF($G$24=B30,"R3-S1 (Rak3 kiri), ","")&IF($H$24=B30,"R3-S2 (Rak3 tengah), ","")&IF($I$24=B30,"R3-S3 (Rak3 kanan), ",""))>2,LEFT(IF($A$24=B30,"R1-S1 (Rak1 kiri), ","")&IF($B$24=B30,"R1-S2 (Rak1 tengah), ","")&IF($C$24=B30,"R1-S3 (Rak1 kanan), ","")&IF($D$24=B30,"R2-S1 (Rak2 kiri), ","")&IF($E$24=B30,"R2-S2 (Rak2 tengah), ","")&IF($F$24=B30,"R2-S3 (Rak2 kanan), ","")&IF($G$24=B30,"R3-S1 (Rak3 kiri), ","")&IF($H$24=B30,"R3-S2 (Rak3 tengah), ","")&IF($I$24=B30,"R3-S3 (Rak3 kanan), ",""),LEN(IF($A$24=B30,"R1-S1 (Rak1 kiri), ","")&IF($B$24=B30,"R1-S2 (Rak1 tengah), ","")&IF($C$24=B30,"R1-S3 (Rak1 kanan), ","")&IF($D$24=B30,"R2-S1 (Rak2 kiri), ","")&IF($E$24=B30,"R2-S2 (Rak2 tengah), ","")&IF($F$24=B30,"R2-S3 (Rak2 kanan), ","")&IF($G$24=B30,"R3-S1 (Rak3 kiri), ","")&IF($H$24=B30,"R3-S2 (Rak3 tengah), ","")&IF($I$24=B30,"R3-S3 (Rak3 kanan), ",""))-2),IF($A$24=B30,"R1-S1 (Rak1 kiri), ","")&IF($B$24=B30,"R1-S2 (Rak1 tengah), ","")&IF($C$24=B30,"R1-S3 (Rak1 kanan), ","")&IF($D$24=B30,"R2-S1 (Rak2 kiri), ","")&IF($E$24=B30,"R2-S2 (Rak2 tengah), ","")&IF($F$24=B30,"R2-S3 (Rak2 kanan), ","")&IF($G$24=B30,"R3-S1 (Rak3 kiri), ","")&IF($H$24=B30,"R3-S2 (Rak3 tengah), ","")&IF($I$24=B30,"R3-S3 (Rak3 kanan), ","")))="","","Slot marker "&B30&": "&IF(IF($A$24=B30,"R1-S1 (Rak1 kiri), ","")&IF($B$24=B30,"R1-S2 (Rak1 tengah), ","")&IF($C$24=B30,"R1-S3 (Rak1 kanan), ","")&IF($D$24=B30,"R2-S1 (Rak2 kiri), ","")&IF($E$24=B30,"R2-S2 (Rak2 tengah), ","")&IF($F$24=B30,"R2-S3 (Rak2 kanan), ","")&IF($G$24=B30,"R3-S1 (Rak3 kiri), ","")&IF($H$24=B30,"R3-S2 (Rak3 tengah), ","")&IF($I$24=B30,"R3-S3 (Rak3 kanan), ","")="","",IF(LEN(IF($A$24=B30,"R1-S1 (Rak1 kiri), ","")&IF($B$24=B30,"R1-S2 (Rak1 tengah), ","")&IF($C$24=B30,"R1-S3 (Rak1 kanan), ","")&IF($D$24=B30,"R2-S1 (Rak2 kiri), ","")&IF($E$24=B30,"R2-S2 (Rak2 tengah), ","")&IF($F$24=B30,"R2-S3 (Rak2 kanan), ","")&IF($G$24=B30,"R3-S1 (Rak3 kiri), ","")&IF($H$24=B30,"R3-S2 (Rak3 tengah), ","")&IF($I$24=B30,"R3-S3 (Rak3 kanan), ",""))>2,LEFT(IF($A$24=B30,"R1-S1 (Rak1 kiri), ","")&IF($B$24=B30,"R1-S2 (Rak1 tengah), ","")&IF($C$24=B30,"R1-S3 (Rak1 kanan), ","")&IF($D$24=B30,"R2-S1 (Rak2 kiri), ","")&IF($E$24=B30,"R2-S2 (Rak2 tengah), ","")&IF($F$24=B30,"R2-S3 (Rak2 kanan), ","")&IF($G$24=B30,"R3-S1 (Rak3 kiri), ","")&IF($H$24=B30,"R3-S2 (Rak3 tengah), ","")&IF($I$24=B30,"R3-S3 (Rak3 kanan), ",""),LEN(IF($A$24=B30,"R1-S1 (Rak1 kiri), ","")&IF($B$24=B30,"R1-S2 (Rak1 tengah), ","")&IF($C$24=B30,"R1-S3 (Rak1 kanan), ","")&IF($D$24=B30,"R2-S1 (Rak2 kiri), ","")&IF($E$24=B30,"R2-S2 (Rak2 tengah), ","")&IF($F$24=B30,"R2-S3 (Rak2 kanan), ","")&IF($G$24=B30,"R3-S1 (Rak3 kiri), ","")&IF($H$24=B30,"R3-S2 (Rak3 tengah), ","")&IF($I$24=B30,"R3-S3 (Rak3 kanan), ",""))-2),IF($A$24=B30,"R1-S1 (Rak1 kiri), ","")&IF($B$24=B30,"R1-S2 (Rak1 tengah), ","")&IF($C$24=B30,"R1-S3 (Rak1 kanan), ","")&IF($D$24=B30,"R2-S1 (Rak2 kiri), ","")&IF($E$24=B30,"R2-S2 (Rak2 tengah), ","")&IF($F$24=B30,"R2-S3 (Rak2 kanan), ","")&IF($G$24=B30,"R3-S1 (Rak3 kiri), ","")&IF($H$24=B30,"R3-S2 (Rak3 tengah), ","")&IF($I$24=B30,"R3-S3 (Rak3 kanan), ","")))))) | J30: =IF(G30="","",IF(G30=1,0,1))
A31: K-H1 | B31: =IF(A31="","",VLOOKUP(A31,'Undian Kubus'!$A$10:$D$18,2,FALSE)) | C31: =IF(A31="","",VLOOKUP(A31,'Undian Kubus'!$A$10:$D$18,3,FALSE)) | D31: =IF(A31="","",IF(E31="","(belum diisi — isi kolom E & F)",TRIM(E31&IF(F31<>""," — "&F31,"")))) | E31: Rak 3 | F31: kiri | G31: =IF(OR(A31="",E31="",F31=""),"",IF(OR(AND(OR(E31="Rak 1",E31="R1"),OR(LOWER(F31)="kiri",LOWER(F31)="s1",LOWER(F31)="r1-s1"),$A$24=B31),AND(OR(E31="Rak 1",E31="R1"),OR(LOWER(F31)="tengah",LOWER(F31)="s2",LOWER(F31)="r1-s2"),$B$24=B31),AND(OR(E31="Rak 1",E31="R1"),OR(LOWER(F31)="kanan",LOWER(F31)="s3",LOWER(F31)="r1-s3"),$C$24=B31),AND(OR(E31="Rak 2",E31="R2"),OR(LOWER(F31)="kiri",LOWER(F31)="s1",LOWER(F31)="r2-s1"),$D$24=B31),AND(OR(E31="Rak 2",E31="R2"),OR(LOWER(F31)="tengah",LOWER(F31)="s2",LOWER(F31)="r2-s2"),$E$24=B31),AND(OR(E31="Rak 2",E31="R2"),OR(LOWER(F31)="kanan",LOWER(F31)="s3",LOWER(F31)="r2-s3"),$F$24=B31),AND(OR(E31="Rak 3",E31="R3"),OR(LOWER(F31)="kiri",LOWER(F31)="s1",LOWER(F31)="r3-s1"),$G$24=B31),AND(OR(E31="Rak 3",E31="R3"),OR(LOWER(F31)="tengah",LOWER(F31)="s2",LOWER(F31)="r3-s2"),$H$24=B31),AND(OR(E31="Rak 3",E31="R3"),OR(LOWER(F31)="kanan",LOWER(F31)="s3",LOWER(F31)="r3-s3"),$I$24=B31)),1,0)) | H31: =IF(B31="","",IF(COUNTA($A$24:$I$24)=0,"(isi warna marker baris 24)",IF(IF(COUNTIF($A$24:$C$24,B31)>0,"Rak 1, ","")&IF(COUNTIF($D$24:$F$24,B31)>0,"Rak 2, ","")&IF(COUNTIF($G$24:$I$24,B31)>0,"Rak 3, ","")="","",IF(LEN(IF(COUNTIF($A$24:$C$24,B31)>0,"Rak 1, ","")&IF(COUNTIF($D$24:$F$24,B31)>0,"Rak 2, ","")&IF(COUNTIF($G$24:$I$24,B31)>0,"Rak 3, ",""))>2,LEFT(IF(COUNTIF($A$24:$C$24,B31)>0,"Rak 1, ","")&IF(COUNTIF($D$24:$F$24,B31)>0,"Rak 2, ","")&IF(COUNTIF($G$24:$I$24,B31)>0,"Rak 3, ",""),LEN(IF(COUNTIF($A$24:$C$24,B31)>0,"Rak 1, ","")&IF(COUNTIF($D$24:$F$24,B31)>0,"Rak 2, ","")&IF(COUNTIF($G$24:$I$24,B31)>0,"Rak 3, ",""))-2),IF(COUNTIF($A$24:$C$24,B31)>0,"Rak 1, ","")&IF(COUNTIF($D$24:$F$24,B31)>0,"Rak 2, ","")&IF(COUNTIF($G$24:$I$24,B31)>0,"Rak 3, ",""))))) | I31: =IF(B31="","",IF(COUNTA($A$24:$I$24)=0,"(isi warna marker baris 24)",IF(IF(IF($A$24=B31,"R1-S1 (Rak1 kiri), ","")&IF($B$24=B31,"R1-S2 (Rak1 tengah), ","")&IF($C$24=B31,"R1-S3 (Rak1 kanan), ","")&IF($D$24=B31,"R2-S1 (Rak2 kiri), ","")&IF($E$24=B31,"R2-S2 (Rak2 tengah), ","")&IF($F$24=B31,"R2-S3 (Rak2 kanan), ","")&IF($G$24=B31,"R3-S1 (Rak3 kiri), ","")&IF($H$24=B31,"R3-S2 (Rak3 tengah), ","")&IF($I$24=B31,"R3-S3 (Rak3 kanan), ","")="","",IF(LEN(IF($A$24=B31,"R1-S1 (Rak1 kiri), ","")&IF($B$24=B31,"R1-S2 (Rak1 tengah), ","")&IF($C$24=B31,"R1-S3 (Rak1 kanan), ","")&IF($D$24=B31,"R2-S1 (Rak2 kiri), ","")&IF($E$24=B31,"R2-S2 (Rak2 tengah), ","")&IF($F$24=B31,"R2-S3 (Rak2 kanan), ","")&IF($G$24=B31,"R3-S1 (Rak3 kiri), ","")&IF($H$24=B31,"R3-S2 (Rak3 tengah), ","")&IF($I$24=B31,"R3-S3 (Rak3 kanan), ",""))>2,LEFT(IF($A$24=B31,"R1-S1 (Rak1 kiri), ","")&IF($B$24=B31,"R1-S2 (Rak1 tengah), ","")&IF($C$24=B31,"R1-S3 (Rak1 kanan), ","")&IF($D$24=B31,"R2-S1 (Rak2 kiri), ","")&IF($E$24=B31,"R2-S2 (Rak2 tengah), ","")&IF($F$24=B31,"R2-S3 (Rak2 kanan), ","")&IF($G$24=B31,"R3-S1 (Rak3 kiri), ","")&IF($H$24=B31,"R3-S2 (Rak3 tengah), ","")&IF($I$24=B31,"R3-S3 (Rak3 kanan), ",""),LEN(IF($A$24=B31,"R1-S1 (Rak1 kiri), ","")&IF($B$24=B31,"R1-S2 (Rak1 tengah), ","")&IF($C$24=B31,"R1-S3 (Rak1 kanan), ","")&IF($D$24=B31,"R2-S1 (Rak2 kiri), ","")&IF($E$24=B31,"R2-S2 (Rak2 tengah), ","")&IF($F$24=B31,"R2-S3 (Rak2 kanan), ","")&IF($G$24=B31,"R3-S1 (Rak3 kiri), ","")&IF($H$24=B31,"R3-S2 (Rak3 tengah), ","")&IF($I$24=B31,"R3-S3 (Rak3 kanan), ",""))-2),IF($A$24=B31,"R1-S1 (Rak1 kiri), ","")&IF($B$24=B31,"R1-S2 (Rak1 tengah), ","")&IF($C$24=B31,"R1-S3 (Rak1 kanan), ","")&IF($D$24=B31,"R2-S1 (Rak2 kiri), ","")&IF($E$24=B31,"R2-S2 (Rak2 tengah), ","")&IF($F$24=B31,"R2-S3 (Rak2 kanan), ","")&IF($G$24=B31,"R3-S1 (Rak3 kiri), ","")&IF($H$24=B31,"R3-S2 (Rak3 tengah), ","")&IF($I$24=B31,"R3-S3 (Rak3 kanan), ","")))="","","Slot marker "&B31&": "&IF(IF($A$24=B31,"R1-S1 (Rak1 kiri), ","")&IF($B$24=B31,"R1-S2 (Rak1 tengah), ","")&IF($C$24=B31,"R1-S3 (Rak1 kanan), ","")&IF($D$24=B31,"R2-S1 (Rak2 kiri), ","")&IF($E$24=B31,"R2-S2 (Rak2 tengah), ","")&IF($F$24=B31,"R2-S3 (Rak2 kanan), ","")&IF($G$24=B31,"R3-S1 (Rak3 kiri), ","")&IF($H$24=B31,"R3-S2 (Rak3 tengah), ","")&IF($I$24=B31,"R3-S3 (Rak3 kanan), ","")="","",IF(LEN(IF($A$24=B31,"R1-S1 (Rak1 kiri), ","")&IF($B$24=B31,"R1-S2 (Rak1 tengah), ","")&IF($C$24=B31,"R1-S3 (Rak1 kanan), ","")&IF($D$24=B31,"R2-S1 (Rak2 kiri), ","")&IF($E$24=B31,"R2-S2 (Rak2 tengah), ","")&IF($F$24=B31,"R2-S3 (Rak2 kanan), ","")&IF($G$24=B31,"R3-S1 (Rak3 kiri), ","")&IF($H$24=B31,"R3-S2 (Rak3 tengah), ","")&IF($I$24=B31,"R3-S3 (Rak3 kanan), ",""))>2,LEFT(IF($A$24=B31,"R1-S1 (Rak1 kiri), ","")&IF($B$24=B31,"R1-S2 (Rak1 tengah), ","")&IF($C$24=B31,"R1-S3 (Rak1 kanan), ","")&IF($D$24=B31,"R2-S1 (Rak2 kiri), ","")&IF($E$24=B31,"R2-S2 (Rak2 tengah), ","")&IF($F$24=B31,"R2-S3 (Rak2 kanan), ","")&IF($G$24=B31,"R3-S1 (Rak3 kiri), ","")&IF($H$24=B31,"R3-S2 (Rak3 tengah), ","")&IF($I$24=B31,"R3-S3 (Rak3 kanan), ",""),LEN(IF($A$24=B31,"R1-S1 (Rak1 kiri), ","")&IF($B$24=B31,"R1-S2 (Rak1 tengah), ","")&IF($C$24=B31,"R1-S3 (Rak1 kanan), ","")&IF($D$24=B31,"R2-S1 (Rak2 kiri), ","")&IF($E$24=B31,"R2-S2 (Rak2 tengah), ","")&IF($F$24=B31,"R2-S3 (Rak2 kanan), ","")&IF($G$24=B31,"R3-S1 (Rak3 kiri), ","")&IF($H$24=B31,"R3-S2 (Rak3 tengah), ","")&IF($I$24=B31,"R3-S3 (Rak3 kanan), ",""))-2),IF($A$24=B31,"R1-S1 (Rak1 kiri), ","")&IF($B$24=B31,"R1-S2 (Rak1 tengah), ","")&IF($C$24=B31,"R1-S3 (Rak1 kanan), ","")&IF($D$24=B31,"R2-S1 (Rak2 kiri), ","")&IF($E$24=B31,"R2-S2 (Rak2 tengah), ","")&IF($F$24=B31,"R2-S3 (Rak2 kanan), ","")&IF($G$24=B31,"R3-S1 (Rak3 kiri), ","")&IF($H$24=B31,"R3-S2 (Rak3 tengah), ","")&IF($I$24=B31,"R3-S3 (Rak3 kanan), ","")))))) | J31: =IF(G31="","",IF(G31=1,0,1))
A32: K-H2 | B32: =IF(A32="","",VLOOKUP(A32,'Undian Kubus'!$A$10:$D$18,2,FALSE)) | C32: =IF(A32="","",VLOOKUP(A32,'Undian Kubus'!$A$10:$D$18,3,FALSE)) | D32: =IF(A32="","",IF(E32="","(belum diisi — isi kolom E & F)",TRIM(E32&IF(F32<>""," — "&F32,"")))) | E32: Stand B | F32: depan | G32: =IF(OR(A32="",E32="",F32=""),"",IF(OR(AND(OR(E32="Rak 1",E32="R1"),OR(LOWER(F32)="kiri",LOWER(F32)="s1",LOWER(F32)="r1-s1"),$A$24=B32),AND(OR(E32="Rak 1",E32="R1"),OR(LOWER(F32)="tengah",LOWER(F32)="s2",LOWER(F32)="r1-s2"),$B$24=B32),AND(OR(E32="Rak 1",E32="R1"),OR(LOWER(F32)="kanan",LOWER(F32)="s3",LOWER(F32)="r1-s3"),$C$24=B32),AND(OR(E32="Rak 2",E32="R2"),OR(LOWER(F32)="kiri",LOWER(F32)="s1",LOWER(F32)="r2-s1"),$D$24=B32),AND(OR(E32="Rak 2",E32="R2"),OR(LOWER(F32)="tengah",LOWER(F32)="s2",LOWER(F32)="r2-s2"),$E$24=B32),AND(OR(E32="Rak 2",E32="R2"),OR(LOWER(F32)="kanan",LOWER(F32)="s3",LOWER(F32)="r2-s3"),$F$24=B32),AND(OR(E32="Rak 3",E32="R3"),OR(LOWER(F32)="kiri",LOWER(F32)="s1",LOWER(F32)="r3-s1"),$G$24=B32),AND(OR(E32="Rak 3",E32="R3"),OR(LOWER(F32)="tengah",LOWER(F32)="s2",LOWER(F32)="r3-s2"),$H$24=B32),AND(OR(E32="Rak 3",E32="R3"),OR(LOWER(F32)="kanan",LOWER(F32)="s3",LOWER(F32)="r3-s3"),$I$24=B32)),1,0)) | H32: =IF(B32="","",IF(COUNTA($A$24:$I$24)=0,"(isi warna marker baris 24)",IF(IF(COUNTIF($A$24:$C$24,B32)>0,"Rak 1, ","")&IF(COUNTIF($D$24:$F$24,B32)>0,"Rak 2, ","")&IF(COUNTIF($G$24:$I$24,B32)>0,"Rak 3, ","")="","",IF(LEN(IF(COUNTIF($A$24:$C$24,B32)>0,"Rak 1, ","")&IF(COUNTIF($D$24:$F$24,B32)>0,"Rak 2, ","")&IF(COUNTIF($G$24:$I$24,B32)>0,"Rak 3, ",""))>2,LEFT(IF(COUNTIF($A$24:$C$24,B32)>0,"Rak 1, ","")&IF(COUNTIF($D$24:$F$24,B32)>0,"Rak 2, ","")&IF(COUNTIF($G$24:$I$24,B32)>0,"Rak 3, ",""),LEN(IF(COUNTIF($A$24:$C$24,B32)>0,"Rak 1, ","")&IF(COUNTIF($D$24:$F$24,B32)>0,"Rak 2, ","")&IF(COUNTIF($G$24:$I$24,B32)>0,"Rak 3, ",""))-2),IF(COUNTIF($A$24:$C$24,B32)>0,"Rak 1, ","")&IF(COUNTIF($D$24:$F$24,B32)>0,"Rak 2, ","")&IF(COUNTIF($G$24:$I$24,B32)>0,"Rak 3, ",""))))) | I32: =IF(B32="","",IF(COUNTA($A$24:$I$24)=0,"(isi warna marker baris 24)",IF(IF(IF($A$24=B32,"R1-S1 (Rak1 kiri), ","")&IF($B$24=B32,"R1-S2 (Rak1 tengah), ","")&IF($C$24=B32,"R1-S3 (Rak1 kanan), ","")&IF($D$24=B32,"R2-S1 (Rak2 kiri), ","")&IF($E$24=B32,"R2-S2 (Rak2 tengah), ","")&IF($F$24=B32,"R2-S3 (Rak2 kanan), ","")&IF($G$24=B32,"R3-S1 (Rak3 kiri), ","")&IF($H$24=B32,"R3-S2 (Rak3 tengah), ","")&IF($I$24=B32,"R3-S3 (Rak3 kanan), ","")="","",IF(LEN(IF($A$24=B32,"R1-S1 (Rak1 kiri), ","")&IF($B$24=B32,"R1-S2 (Rak1 tengah), ","")&IF($C$24=B32,"R1-S3 (Rak1 kanan), ","")&IF($D$24=B32,"R2-S1 (Rak2 kiri), ","")&IF($E$24=B32,"R2-S2 (Rak2 tengah), ","")&IF($F$24=B32,"R2-S3 (Rak2 kanan), ","")&IF($G$24=B32,"R3-S1 (Rak3 kiri), ","")&IF($H$24=B32,"R3-S2 (Rak3 tengah), ","")&IF($I$24=B32,"R3-S3 (Rak3 kanan), ",""))>2,LEFT(IF($A$24=B32,"R1-S1 (Rak1 kiri), ","")&IF($B$24=B32,"R1-S2 (Rak1 tengah), ","")&IF($C$24=B32,"R1-S3 (Rak1 kanan), ","")&IF($D$24=B32,"R2-S1 (Rak2 kiri), ","")&IF($E$24=B32,"R2-S2 (Rak2 tengah), ","")&IF($F$24=B32,"R2-S3 (Rak2 kanan), ","")&IF($G$24=B32,"R3-S1 (Rak3 kiri), ","")&IF($H$24=B32,"R3-S2 (Rak3 tengah), ","")&IF($I$24=B32,"R3-S3 (Rak3 kanan), ",""),LEN(IF($A$24=B32,"R1-S1 (Rak1 kiri), ","")&IF($B$24=B32,"R1-S2 (Rak1 tengah), ","")&IF($C$24=B32,"R1-S3 (Rak1 kanan), ","")&IF($D$24=B32,"R2-S1 (Rak2 kiri), ","")&IF($E$24=B32,"R2-S2 (Rak2 tengah), ","")&IF($F$24=B32,"R2-S3 (Rak2 kanan), ","")&IF($G$24=B32,"R3-S1 (Rak3 kiri), ","")&IF($H$24=B32,"R3-S2 (Rak3 tengah), ","")&IF($I$24=B32,"R3-S3 (Rak3 kanan), ",""))-2),IF($A$24=B32,"R1-S1 (Rak1 kiri), ","")&IF($B$24=B32,"R1-S2 (Rak1 tengah), ","")&IF($C$24=B32,"R1-S3 (Rak1 kanan), ","")&IF($D$24=B32,"R2-S1 (Rak2 kiri), ","")&IF($E$24=B32,"R2-S2 (Rak2 tengah), ","")&IF($F$24=B32,"R2-S3 (Rak2 kanan), ","")&IF($G$24=B32,"R3-S1 (Rak3 kiri), ","")&IF($H$24=B32,"R3-S2 (Rak3 tengah), ","")&IF($I$24=B32,"R3-S3 (Rak3 kanan), ","")))="","","Slot marker "&B32&": "&IF(IF($A$24=B32,"R1-S1 (Rak1 kiri), ","")&IF($B$24=B32,"R1-S2 (Rak1 tengah), ","")&IF($C$24=B32,"R1-S3 (Rak1 kanan), ","")&IF($D$24=B32,"R2-S1 (Rak2 kiri), ","")&IF($E$24=B32,"R2-S2 (Rak2 tengah), ","")&IF($F$24=B32,"R2-S3 (Rak2 kanan), ","")&IF($G$24=B32,"R3-S1 (Rak3 kiri), ","")&IF($H$24=B32,"R3-S2 (Rak3 tengah), ","")&IF($I$24=B32,"R3-S3 (Rak3 kanan), ","")="","",IF(LEN(IF($A$24=B32,"R1-S1 (Rak1 kiri), ","")&IF($B$24=B32,"R1-S2 (Rak1 tengah), ","")&IF($C$24=B32,"R1-S3 (Rak1 kanan), ","")&IF($D$24=B32,"R2-S1 (Rak2 kiri), ","")&IF($E$24=B32,"R2-S2 (Rak2 tengah), ","")&IF($F$24=B32,"R2-S3 (Rak2 kanan), ","")&IF($G$24=B32,"R3-S1 (Rak3 kiri), ","")&IF($H$24=B32,"R3-S2 (Rak3 tengah), ","")&IF($I$24=B32,"R3-S3 (Rak3 kanan), ",""))>2,LEFT(IF($A$24=B32,"R1-S1 (Rak1 kiri), ","")&IF($B$24=B32,"R1-S2 (Rak1 tengah), ","")&IF($C$24=B32,"R1-S3 (Rak1 kanan), ","")&IF($D$24=B32,"R2-S1 (Rak2 kiri), ","")&IF($E$24=B32,"R2-S2 (Rak2 tengah), ","")&IF($F$24=B32,"R2-S3 (Rak2 kanan), ","")&IF($G$24=B32,"R3-S1 (Rak3 kiri), ","")&IF($H$24=B32,"R3-S2 (Rak3 tengah), ","")&IF($I$24=B32,"R3-S3 (Rak3 kanan), ",""),LEN(IF($A$24=B32,"R1-S1 (Rak1 kiri), ","")&IF($B$24=B32,"R1-S2 (Rak1 tengah), ","")&IF($C$24=B32,"R1-S3 (Rak1 kanan), ","")&IF($D$24=B32,"R2-S1 (Rak2 kiri), ","")&IF($E$24=B32,"R2-S2 (Rak2 tengah), ","")&IF($F$24=B32,"R2-S3 (Rak2 kanan), ","")&IF($G$24=B32,"R3-S1 (Rak3 kiri), ","")&IF($H$24=B32,"R3-S2 (Rak3 tengah), ","")&IF($I$24=B32,"R3-S3 (Rak3 kanan), ",""))-2),IF($A$24=B32,"R1-S1 (Rak1 kiri), ","")&IF($B$24=B32,"R1-S2 (Rak1 tengah), ","")&IF($C$24=B32,"R1-S3 (Rak1 kanan), ","")&IF($D$24=B32,"R2-S1 (Rak2 kiri), ","")&IF($E$24=B32,"R2-S2 (Rak2 tengah), ","")&IF($F$24=B32,"R2-S3 (Rak2 kanan), ","")&IF($G$24=B32,"R3-S1 (Rak3 kiri), ","")&IF($H$24=B32,"R3-S2 (Rak3 tengah), ","")&IF($I$24=B32,"R3-S3 (Rak3 kanan), ","")))))) | J32: =IF(G32="","",IF(G32=1,0,1))
A33: K-H3 | B33: =IF(A33="","",VLOOKUP(A33,'Undian Kubus'!$A$10:$D$18,2,FALSE)) | C33: =IF(A33="","",VLOOKUP(A33,'Undian Kubus'!$A$10:$D$18,3,FALSE)) | D33: =IF(A33="","",IF(E33="","(belum diisi — isi kolom E & F)",TRIM(E33&IF(F33<>""," — "&F33,"")))) | E33: Rak 1 | F33: kanan | G33: =IF(OR(A33="",E33="",F33=""),"",IF(OR(AND(OR(E33="Rak 1",E33="R1"),OR(LOWER(F33)="kiri",LOWER(F33)="s1",LOWER(F33)="r1-s1"),$A$24=B33),AND(OR(E33="Rak 1",E33="R1"),OR(LOWER(F33)="tengah",LOWER(F33)="s2",LOWER(F33)="r1-s2"),$B$24=B33),AND(OR(E33="Rak 1",E33="R1"),OR(LOWER(F33)="kanan",LOWER(F33)="s3",LOWER(F33)="r1-s3"),$C$24=B33),AND(OR(E33="Rak 2",E33="R2"),OR(LOWER(F33)="kiri",LOWER(F33)="s1",LOWER(F33)="r2-s1"),$D$24=B33),AND(OR(E33="Rak 2",E33="R2"),OR(LOWER(F33)="tengah",LOWER(F33)="s2",LOWER(F33)="r2-s2"),$E$24=B33),AND(OR(E33="Rak 2",E33="R2"),OR(LOWER(F33)="kanan",LOWER(F33)="s3",LOWER(F33)="r2-s3"),$F$24=B33),AND(OR(E33="Rak 3",E33="R3"),OR(LOWER(F33)="kiri",LOWER(F33)="s1",LOWER(F33)="r3-s1"),$G$24=B33),AND(OR(E33="Rak 3",E33="R3"),OR(LOWER(F33)="tengah",LOWER(F33)="s2",LOWER(F33)="r3-s2"),$H$24=B33),AND(OR(E33="Rak 3",E33="R3"),OR(LOWER(F33)="kanan",LOWER(F33)="s3",LOWER(F33)="r3-s3"),$I$24=B33)),1,0)) | H33: =IF(B33="","",IF(COUNTA($A$24:$I$24)=0,"(isi warna marker baris 24)",IF(IF(COUNTIF($A$24:$C$24,B33)>0,"Rak 1, ","")&IF(COUNTIF($D$24:$F$24,B33)>0,"Rak 2, ","")&IF(COUNTIF($G$24:$I$24,B33)>0,"Rak 3, ","")="","",IF(LEN(IF(COUNTIF($A$24:$C$24,B33)>0,"Rak 1, ","")&IF(COUNTIF($D$24:$F$24,B33)>0,"Rak 2, ","")&IF(COUNTIF($G$24:$I$24,B33)>0,"Rak 3, ",""))>2,LEFT(IF(COUNTIF($A$24:$C$24,B33)>0,"Rak 1, ","")&IF(COUNTIF($D$24:$F$24,B33)>0,"Rak 2, ","")&IF(COUNTIF($G$24:$I$24,B33)>0,"Rak 3, ",""),LEN(IF(COUNTIF($A$24:$C$24,B33)>0,"Rak 1, ","")&IF(COUNTIF($D$24:$F$24,B33)>0,"Rak 2, ","")&IF(COUNTIF($G$24:$I$24,B33)>0,"Rak 3, ",""))-2),IF(COUNTIF($A$24:$C$24,B33)>0,"Rak 1, ","")&IF(COUNTIF($D$24:$F$24,B33)>0,"Rak 2, ","")&IF(COUNTIF($G$24:$I$24,B33)>0,"Rak 3, ",""))))) | I33: =IF(B33="","",IF(COUNTA($A$24:$I$24)=0,"(isi warna marker baris 24)",IF(IF(IF($A$24=B33,"R1-S1 (Rak1 kiri), ","")&IF($B$24=B33,"R1-S2 (Rak1 tengah), ","")&IF($C$24=B33,"R1-S3 (Rak1 kanan), ","")&IF($D$24=B33,"R2-S1 (Rak2 kiri), ","")&IF($E$24=B33,"R2-S2 (Rak2 tengah), ","")&IF($F$24=B33,"R2-S3 (Rak2 kanan), ","")&IF($G$24=B33,"R3-S1 (Rak3 kiri), ","")&IF($H$24=B33,"R3-S2 (Rak3 tengah), ","")&IF($I$24=B33,"R3-S3 (Rak3 kanan), ","")="","",IF(LEN(IF($A$24=B33,"R1-S1 (Rak1 kiri), ","")&IF($B$24=B33,"R1-S2 (Rak1 tengah), ","")&IF($C$24=B33,"R1-S3 (Rak1 kanan), ","")&IF($D$24=B33,"R2-S1 (Rak2 kiri), ","")&IF($E$24=B33,"R2-S2 (Rak2 tengah), ","")&IF($F$24=B33,"R2-S3 (Rak2 kanan), ","")&IF($G$24=B33,"R3-S1 (Rak3 kiri), ","")&IF($H$24=B33,"R3-S2 (Rak3 tengah), ","")&IF($I$24=B33,"R3-S3 (Rak3 kanan), ",""))>2,LEFT(IF($A$24=B33,"R1-S1 (Rak1 kiri), ","")&IF($B$24=B33,"R1-S2 (Rak1 tengah), ","")&IF($C$24=B33,"R1-S3 (Rak1 kanan), ","")&IF($D$24=B33,"R2-S1 (Rak2 kiri), ","")&IF($E$24=B33,"R2-S2 (Rak2 tengah), ","")&IF($F$24=B33,"R2-S3 (Rak2 kanan), ","")&IF($G$24=B33,"R3-S1 (Rak3 kiri), ","")&IF($H$24=B33,"R3-S2 (Rak3 tengah), ","")&IF($I$24=B33,"R3-S3 (Rak3 kanan), ",""),LEN(IF($A$24=B33,"R1-S1 (Rak1 kiri), ","")&IF($B$24=B33,"R1-S2 (Rak1 tengah), ","")&IF($C$24=B33,"R1-S3 (Rak1 kanan), ","")&IF($D$24=B33,"R2-S1 (Rak2 kiri), ","")&IF($E$24=B33,"R2-S2 (Rak2 tengah), ","")&IF($F$24=B33,"R2-S3 (Rak2 kanan), ","")&IF($G$24=B33,"R3-S1 (Rak3 kiri), ","")&IF($H$24=B33,"R3-S2 (Rak3 tengah), ","")&IF($I$24=B33,"R3-S3 (Rak3 kanan), ",""))-2),IF($A$24=B33,"R1-S1 (Rak1 kiri), ","")&IF($B$24=B33,"R1-S2 (Rak1 tengah), ","")&IF($C$24=B33,"R1-S3 (Rak1 kanan), ","")&IF($D$24=B33,"R2-S1 (Rak2 kiri), ","")&IF($E$24=B33,"R2-S2 (Rak2 tengah), ","")&IF($F$24=B33,"R2-S3 (Rak2 kanan), ","")&IF($G$24=B33,"R3-S1 (Rak3 kiri), ","")&IF($H$24=B33,"R3-S2 (Rak3 tengah), ","")&IF($I$24=B33,"R3-S3 (Rak3 kanan), ","")))="","","Slot marker "&B33&": "&IF(IF($A$24=B33,"R1-S1 (Rak1 kiri), ","")&IF($B$24=B33,"R1-S2 (Rak1 tengah), ","")&IF($C$24=B33,"R1-S3 (Rak1 kanan), ","")&IF($D$24=B33,"R2-S1 (Rak2 kiri), ","")&IF($E$24=B33,"R2-S2 (Rak2 tengah), ","")&IF($F$24=B33,"R2-S3 (Rak2 kanan), ","")&IF($G$24=B33,"R3-S1 (Rak3 kiri), ","")&IF($H$24=B33,"R3-S2 (Rak3 tengah), ","")&IF($I$24=B33,"R3-S3 (Rak3 kanan), ","")="","",IF(LEN(IF($A$24=B33,"R1-S1 (Rak1 kiri), ","")&IF($B$24=B33,"R1-S2 (Rak1 tengah), ","")&IF($C$24=B33,"R1-S3 (Rak1 kanan), ","")&IF($D$24=B33,"R2-S1 (Rak2 kiri), ","")&IF($E$24=B33,"R2-S2 (Rak2 tengah), ","")&IF($F$24=B33,"R2-S3 (Rak2 kanan), ","")&IF($G$24=B33,"R3-S1 (Rak3 kiri), ","")&IF($H$24=B33,"R3-S2 (Rak3 tengah), ","")&IF($I$24=B33,"R3-S3 (Rak3 kanan), ",""))>2,LEFT(IF($A$24=B33,"R1-S1 (Rak1 kiri), ","")&IF($B$24=B33,"R1-S2 (Rak1 tengah), ","")&IF($C$24=B33,"R1-S3 (Rak1 kanan), ","")&IF($D$24=B33,"R2-S1 (Rak2 kiri), ","")&IF($E$24=B33,"R2-S2 (Rak2 tengah), ","")&IF($F$24=B33,"R2-S3 (Rak2 kanan), ","")&IF($G$24=B33,"R3-S1 (Rak3 kiri), ","")&IF($H$24=B33,"R3-S2 (Rak3 tengah), ","")&IF($I$24=B33,"R3-S3 (Rak3 kanan), ",""),LEN(IF($A$24=B33,"R1-S1 (Rak1 kiri), ","")&IF($B$24=B33,"R1-S2 (Rak1 tengah), ","")&IF($C$24=B33,"R1-S3 (Rak1 kanan), ","")&IF($D$24=B33,"R2-S1 (Rak2 kiri), ","")&IF($E$24=B33,"R2-S2 (Rak2 tengah), ","")&IF($F$24=B33,"R2-S3 (Rak2 kanan), ","")&IF($G$24=B33,"R3-S1 (Rak3 kiri), ","")&IF($H$24=B33,"R3-S2 (Rak3 tengah), ","")&IF($I$24=B33,"R3-S3 (Rak3 kanan), ",""))-2),IF($A$24=B33,"R1-S1 (Rak1 kiri), ","")&IF($B$24=B33,"R1-S2 (Rak1 tengah), ","")&IF($C$24=B33,"R1-S3 (Rak1 kanan), ","")&IF($D$24=B33,"R2-S1 (Rak2 kiri), ","")&IF($E$24=B33,"R2-S2 (Rak2 tengah), ","")&IF($F$24=B33,"R2-S3 (Rak2 kanan), ","")&IF($G$24=B33,"R3-S1 (Rak3 kiri), ","")&IF($H$24=B33,"R3-S2 (Rak3 tengah), ","")&IF($I$24=B33,"R3-S3 (Rak3 kanan), ","")))))) | J33: =IF(G33="","",IF(G33=1,0,1))
A34: K-B1 | B34: =IF(A34="","",VLOOKUP(A34,'Undian Kubus'!$A$10:$D$18,2,FALSE)) | C34: =IF(A34="","",VLOOKUP(A34,'Undian Kubus'!$A$10:$D$18,3,FALSE)) | D34: =IF(A34="","",IF(E34="","(belum diisi — isi kolom E & F)",TRIM(E34&IF(F34<>""," — "&F34,"")))) | E34: Rak 2 | F34: kiri | G34: =IF(OR(A34="",E34="",F34=""),"",IF(OR(AND(OR(E34="Rak 1",E34="R1"),OR(LOWER(F34)="kiri",LOWER(F34)="s1",LOWER(F34)="r1-s1"),$A$24=B34),AND(OR(E34="Rak 1",E34="R1"),OR(LOWER(F34)="tengah",LOWER(F34)="s2",LOWER(F34)="r1-s2"),$B$24=B34),AND(OR(E34="Rak 1",E34="R1"),OR(LOWER(F34)="kanan",LOWER(F34)="s3",LOWER(F34)="r1-s3"),$C$24=B34),AND(OR(E34="Rak 2",E34="R2"),OR(LOWER(F34)="kiri",LOWER(F34)="s1",LOWER(F34)="r2-s1"),$D$24=B34),AND(OR(E34="Rak 2",E34="R2"),OR(LOWER(F34)="tengah",LOWER(F34)="s2",LOWER(F34)="r2-s2"),$E$24=B34),AND(OR(E34="Rak 2",E34="R2"),OR(LOWER(F34)="kanan",LOWER(F34)="s3",LOWER(F34)="r2-s3"),$F$24=B34),AND(OR(E34="Rak 3",E34="R3"),OR(LOWER(F34)="kiri",LOWER(F34)="s1",LOWER(F34)="r3-s1"),$G$24=B34),AND(OR(E34="Rak 3",E34="R3"),OR(LOWER(F34)="tengah",LOWER(F34)="s2",LOWER(F34)="r3-s2"),$H$24=B34),AND(OR(E34="Rak 3",E34="R3"),OR(LOWER(F34)="kanan",LOWER(F34)="s3",LOWER(F34)="r3-s3"),$I$24=B34)),1,0)) | H34: =IF(B34="","",IF(COUNTA($A$24:$I$24)=0,"(isi warna marker baris 24)",IF(IF(COUNTIF($A$24:$C$24,B34)>0,"Rak 1, ","")&IF(COUNTIF($D$24:$F$24,B34)>0,"Rak 2, ","")&IF(COUNTIF($G$24:$I$24,B34)>0,"Rak 3, ","")="","",IF(LEN(IF(COUNTIF($A$24:$C$24,B34)>0,"Rak 1, ","")&IF(COUNTIF($D$24:$F$24,B34)>0,"Rak 2, ","")&IF(COUNTIF($G$24:$I$24,B34)>0,"Rak 3, ",""))>2,LEFT(IF(COUNTIF($A$24:$C$24,B34)>0,"Rak 1, ","")&IF(COUNTIF($D$24:$F$24,B34)>0,"Rak 2, ","")&IF(COUNTIF($G$24:$I$24,B34)>0,"Rak 3, ",""),LEN(IF(COUNTIF($A$24:$C$24,B34)>0,"Rak 1, ","")&IF(COUNTIF($D$24:$F$24,B34)>0,"Rak 2, ","")&IF(COUNTIF($G$24:$I$24,B34)>0,"Rak 3, ",""))-2),IF(COUNTIF($A$24:$C$24,B34)>0,"Rak 1, ","")&IF(COUNTIF($D$24:$F$24,B34)>0,"Rak 2, ","")&IF(COUNTIF($G$24:$I$24,B34)>0,"Rak 3, ",""))))) | I34: =IF(B34="","",IF(COUNTA($A$24:$I$24)=0,"(isi warna marker baris 24)",IF(IF(IF($A$24=B34,"R1-S1 (Rak1 kiri), ","")&IF($B$24=B34,"R1-S2 (Rak1 tengah), ","")&IF($C$24=B34,"R1-S3 (Rak1 kanan), ","")&IF($D$24=B34,"R2-S1 (Rak2 kiri), ","")&IF($E$24=B34,"R2-S2 (Rak2 tengah), ","")&IF($F$24=B34,"R2-S3 (Rak2 kanan), ","")&IF($G$24=B34,"R3-S1 (Rak3 kiri), ","")&IF($H$24=B34,"R3-S2 (Rak3 tengah), ","")&IF($I$24=B34,"R3-S3 (Rak3 kanan), ","")="","",IF(LEN(IF($A$24=B34,"R1-S1 (Rak1 kiri), ","")&IF($B$24=B34,"R1-S2 (Rak1 tengah), ","")&IF($C$24=B34,"R1-S3 (Rak1 kanan), ","")&IF($D$24=B34,"R2-S1 (Rak2 kiri), ","")&IF($E$24=B34,"R2-S2 (Rak2 tengah), ","")&IF($F$24=B34,"R2-S3 (Rak2 kanan), ","")&IF($G$24=B34,"R3-S1 (Rak3 kiri), ","")&IF($H$24=B34,"R3-S2 (Rak3 tengah), ","")&IF($I$24=B34,"R3-S3 (Rak3 kanan), ",""))>2,LEFT(IF($A$24=B34,"R1-S1 (Rak1 kiri), ","")&IF($B$24=B34,"R1-S2 (Rak1 tengah), ","")&IF($C$24=B34,"R1-S3 (Rak1 kanan), ","")&IF($D$24=B34,"R2-S1 (Rak2 kiri), ","")&IF($E$24=B34,"R2-S2 (Rak2 tengah), ","")&IF($F$24=B34,"R2-S3 (Rak2 kanan), ","")&IF($G$24=B34,"R3-S1 (Rak3 kiri), ","")&IF($H$24=B34,"R3-S2 (Rak3 tengah), ","")&IF($I$24=B34,"R3-S3 (Rak3 kanan), ",""),LEN(IF($A$24=B34,"R1-S1 (Rak1 kiri), ","")&IF($B$24=B34,"R1-S2 (Rak1 tengah), ","")&IF($C$24=B34,"R1-S3 (Rak1 kanan), ","")&IF($D$24=B34,"R2-S1 (Rak2 kiri), ","")&IF($E$24=B34,"R2-S2 (Rak2 tengah), ","")&IF($F$24=B34,"R2-S3 (Rak2 kanan), ","")&IF($G$24=B34,"R3-S1 (Rak3 kiri), ","")&IF($H$24=B34,"R3-S2 (Rak3 tengah), ","")&IF($I$24=B34,"R3-S3 (Rak3 kanan), ",""))-2),IF($A$24=B34,"R1-S1 (Rak1 kiri), ","")&IF($B$24=B34,"R1-S2 (Rak1 tengah), ","")&IF($C$24=B34,"R1-S3 (Rak1 kanan), ","")&IF($D$24=B34,"R2-S1 (Rak2 kiri), ","")&IF($E$24=B34,"R2-S2 (Rak2 tengah), ","")&IF($F$24=B34,"R2-S3 (Rak2 kanan), ","")&IF($G$24=B34,"R3-S1 (Rak3 kiri), ","")&IF($H$24=B34,"R3-S2 (Rak3 tengah), ","")&IF($I$24=B34,"R3-S3 (Rak3 kanan), ","")))="","","Slot marker "&B34&": "&IF(IF($A$24=B34,"R1-S1 (Rak1 kiri), ","")&IF($B$24=B34,"R1-S2 (Rak1 tengah), ","")&IF($C$24=B34,"R1-S3 (Rak1 kanan), ","")&IF($D$24=B34,"R2-S1 (Rak2 kiri), ","")&IF($E$24=B34,"R2-S2 (Rak2 tengah), ","")&IF($F$24=B34,"R2-S3 (Rak2 kanan), ","")&IF($G$24=B34,"R3-S1 (Rak3 kiri), ","")&IF($H$24=B34,"R3-S2 (Rak3 tengah), ","")&IF($I$24=B34,"R3-S3 (Rak3 kanan), ","")="","",IF(LEN(IF($A$24=B34,"R1-S1 (Rak1 kiri), ","")&IF($B$24=B34,"R1-S2 (Rak1 tengah), ","")&IF($C$24=B34,"R1-S3 (Rak1 kanan), ","")&IF($D$24=B34,"R2-S1 (Rak2 kiri), ","")&IF($E$24=B34,"R2-S2 (Rak2 tengah), ","")&IF($F$24=B34,"R2-S3 (Rak2 kanan), ","")&IF($G$24=B34,"R3-S1 (Rak3 kiri), ","")&IF($H$24=B34,"R3-S2 (Rak3 tengah), ","")&IF($I$24=B34,"R3-S3 (Rak3 kanan), ",""))>2,LEFT(IF($A$24=B34,"R1-S1 (Rak1 kiri), ","")&IF($B$24=B34,"R1-S2 (Rak1 tengah), ","")&IF($C$24=B34,"R1-S3 (Rak1 kanan), ","")&IF($D$24=B34,"R2-S1 (Rak2 kiri), ","")&IF($E$24=B34,"R2-S2 (Rak2 tengah), ","")&IF($F$24=B34,"R2-S3 (Rak2 kanan), ","")&IF($G$24=B34,"R3-S1 (Rak3 kiri), ","")&IF($H$24=B34,"R3-S2 (Rak3 tengah), ","")&IF($I$24=B34,"R3-S3 (Rak3 kanan), ",""),LEN(IF($A$24=B34,"R1-S1 (Rak1 kiri), ","")&IF($B$24=B34,"R1-S2 (Rak1 tengah), ","")&IF($C$24=B34,"R1-S3 (Rak1 kanan), ","")&IF($D$24=B34,"R2-S1 (Rak2 kiri), ","")&IF($E$24=B34,"R2-S2 (Rak2 tengah), ","")&IF($F$24=B34,"R2-S3 (Rak2 kanan), ","")&IF($G$24=B34,"R3-S1 (Rak3 kiri), ","")&IF($H$24=B34,"R3-S2 (Rak3 tengah), ","")&IF($I$24=B34,"R3-S3 (Rak3 kanan), ",""))-2),IF($A$24=B34,"R1-S1 (Rak1 kiri), ","")&IF($B$24=B34,"R1-S2 (Rak1 tengah), ","")&IF($C$24=B34,"R1-S3 (Rak1 kanan), ","")&IF($D$24=B34,"R2-S1 (Rak2 kiri), ","")&IF($E$24=B34,"R2-S2 (Rak2 tengah), ","")&IF($F$24=B34,"R2-S3 (Rak2 kanan), ","")&IF($G$24=B34,"R3-S1 (Rak3 kiri), ","")&IF($H$24=B34,"R3-S2 (Rak3 tengah), ","")&IF($I$24=B34,"R3-S3 (Rak3 kanan), ","")))))) | J34: =IF(G34="","",IF(G34=1,0,1))
A35: K-B2 | B35: =IF(A35="","",VLOOKUP(A35,'Undian Kubus'!$A$10:$D$18,2,FALSE)) | C35: =IF(A35="","",VLOOKUP(A35,'Undian Kubus'!$A$10:$D$18,3,FALSE)) | D35: =IF(A35="","",IF(E35="","(belum diisi — isi kolom E & F)",TRIM(E35&IF(F35<>""," — "&F35,"")))) | E35: Rak 3 | F35: tengah | G35: =IF(OR(A35="",E35="",F35=""),"",IF(OR(AND(OR(E35="Rak 1",E35="R1"),OR(LOWER(F35)="kiri",LOWER(F35)="s1",LOWER(F35)="r1-s1"),$A$24=B35),AND(OR(E35="Rak 1",E35="R1"),OR(LOWER(F35)="tengah",LOWER(F35)="s2",LOWER(F35)="r1-s2"),$B$24=B35),AND(OR(E35="Rak 1",E35="R1"),OR(LOWER(F35)="kanan",LOWER(F35)="s3",LOWER(F35)="r1-s3"),$C$24=B35),AND(OR(E35="Rak 2",E35="R2"),OR(LOWER(F35)="kiri",LOWER(F35)="s1",LOWER(F35)="r2-s1"),$D$24=B35),AND(OR(E35="Rak 2",E35="R2"),OR(LOWER(F35)="tengah",LOWER(F35)="s2",LOWER(F35)="r2-s2"),$E$24=B35),AND(OR(E35="Rak 2",E35="R2"),OR(LOWER(F35)="kanan",LOWER(F35)="s3",LOWER(F35)="r2-s3"),$F$24=B35),AND(OR(E35="Rak 3",E35="R3"),OR(LOWER(F35)="kiri",LOWER(F35)="s1",LOWER(F35)="r3-s1"),$G$24=B35),AND(OR(E35="Rak 3",E35="R3"),OR(LOWER(F35)="tengah",LOWER(F35)="s2",LOWER(F35)="r3-s2"),$H$24=B35),AND(OR(E35="Rak 3",E35="R3"),OR(LOWER(F35)="kanan",LOWER(F35)="s3",LOWER(F35)="r3-s3"),$I$24=B35)),1,0)) | H35: =IF(B35="","",IF(COUNTA($A$24:$I$24)=0,"(isi warna marker baris 24)",IF(IF(COUNTIF($A$24:$C$24,B35)>0,"Rak 1, ","")&IF(COUNTIF($D$24:$F$24,B35)>0,"Rak 2, ","")&IF(COUNTIF($G$24:$I$24,B35)>0,"Rak 3, ","")="","",IF(LEN(IF(COUNTIF($A$24:$C$24,B35)>0,"Rak 1, ","")&IF(COUNTIF($D$24:$F$24,B35)>0,"Rak 2, ","")&IF(COUNTIF($G$24:$I$24,B35)>0,"Rak 3, ",""))>2,LEFT(IF(COUNTIF($A$24:$C$24,B35)>0,"Rak 1, ","")&IF(COUNTIF($D$24:$F$24,B35)>0,"Rak 2, ","")&IF(COUNTIF($G$24:$I$24,B35)>0,"Rak 3, ",""),LEN(IF(COUNTIF($A$24:$C$24,B35)>0,"Rak 1, ","")&IF(COUNTIF($D$24:$F$24,B35)>0,"Rak 2, ","")&IF(COUNTIF($G$24:$I$24,B35)>0,"Rak 3, ",""))-2),IF(COUNTIF($A$24:$C$24,B35)>0,"Rak 1, ","")&IF(COUNTIF($D$24:$F$24,B35)>0,"Rak 2, ","")&IF(COUNTIF($G$24:$I$24,B35)>0,"Rak 3, ",""))))) | I35: =IF(B35="","",IF(COUNTA($A$24:$I$24)=0,"(isi warna marker baris 24)",IF(IF(IF($A$24=B35,"R1-S1 (Rak1 kiri), ","")&IF($B$24=B35,"R1-S2 (Rak1 tengah), ","")&IF($C$24=B35,"R1-S3 (Rak1 kanan), ","")&IF($D$24=B35,"R2-S1 (Rak2 kiri), ","")&IF($E$24=B35,"R2-S2 (Rak2 tengah), ","")&IF($F$24=B35,"R2-S3 (Rak2 kanan), ","")&IF($G$24=B35,"R3-S1 (Rak3 kiri), ","")&IF($H$24=B35,"R3-S2 (Rak3 tengah), ","")&IF($I$24=B35,"R3-S3 (Rak3 kanan), ","")="","",IF(LEN(IF($A$24=B35,"R1-S1 (Rak1 kiri), ","")&IF($B$24=B35,"R1-S2 (Rak1 tengah), ","")&IF($C$24=B35,"R1-S3 (Rak1 kanan), ","")&IF($D$24=B35,"R2-S1 (Rak2 kiri), ","")&IF($E$24=B35,"R2-S2 (Rak2 tengah), ","")&IF($F$24=B35,"R2-S3 (Rak2 kanan), ","")&IF($G$24=B35,"R3-S1 (Rak3 kiri), ","")&IF($H$24=B35,"R3-S2 (Rak3 tengah), ","")&IF($I$24=B35,"R3-S3 (Rak3 kanan), ",""))>2,LEFT(IF($A$24=B35,"R1-S1 (Rak1 kiri), ","")&IF($B$24=B35,"R1-S2 (Rak1 tengah), ","")&IF($C$24=B35,"R1-S3 (Rak1 kanan), ","")&IF($D$24=B35,"R2-S1 (Rak2 kiri), ","")&IF($E$24=B35,"R2-S2 (Rak2 tengah), ","")&IF($F$24=B35,"R2-S3 (Rak2 kanan), ","")&IF($G$24=B35,"R3-S1 (Rak3 kiri), ","")&IF($H$24=B35,"R3-S2 (Rak3 tengah), ","")&IF($I$24=B35,"R3-S3 (Rak3 kanan), ",""),LEN(IF($A$24=B35,"R1-S1 (Rak1 kiri), ","")&IF($B$24=B35,"R1-S2 (Rak1 tengah), ","")&IF($C$24=B35,"R1-S3 (Rak1 kanan), ","")&IF($D$24=B35,"R2-S1 (Rak2 kiri), ","")&IF($E$24=B35,"R2-S2 (Rak2 tengah), ","")&IF($F$24=B35,"R2-S3 (Rak2 kanan), ","")&IF($G$24=B35,"R3-S1 (Rak3 kiri), ","")&IF($H$24=B35,"R3-S2 (Rak3 tengah), ","")&IF($I$24=B35,"R3-S3 (Rak3 kanan), ",""))-2),IF($A$24=B35,"R1-S1 (Rak1 kiri), ","")&IF($B$24=B35,"R1-S2 (Rak1 tengah), ","")&IF($C$24=B35,"R1-S3 (Rak1 kanan), ","")&IF($D$24=B35,"R2-S1 (Rak2 kiri), ","")&IF($E$24=B35,"R2-S2 (Rak2 tengah), ","")&IF($F$24=B35,"R2-S3 (Rak2 kanan), ","")&IF($G$24=B35,"R3-S1 (Rak3 kiri), ","")&IF($H$24=B35,"R3-S2 (Rak3 tengah), ","")&IF($I$24=B35,"R3-S3 (Rak3 kanan), ","")))="","","Slot marker "&B35&": "&IF(IF($A$24=B35,"R1-S1 (Rak1 kiri), ","")&IF($B$24=B35,"R1-S2 (Rak1 tengah), ","")&IF($C$24=B35,"R1-S3 (Rak1 kanan), ","")&IF($D$24=B35,"R2-S1 (Rak2 kiri), ","")&IF($E$24=B35,"R2-S2 (Rak2 tengah), ","")&IF($F$24=B35,"R2-S3 (Rak2 kanan), ","")&IF($G$24=B35,"R3-S1 (Rak3 kiri), ","")&IF($H$24=B35,"R3-S2 (Rak3 tengah), ","")&IF($I$24=B35,"R3-S3 (Rak3 kanan), ","")="","",IF(LEN(IF($A$24=B35,"R1-S1 (Rak1 kiri), ","")&IF($B$24=B35,"R1-S2 (Rak1 tengah), ","")&IF($C$24=B35,"R1-S3 (Rak1 kanan), ","")&IF($D$24=B35,"R2-S1 (Rak2 kiri), ","")&IF($E$24=B35,"R2-S2 (Rak2 tengah), ","")&IF($F$24=B35,"R2-S3 (Rak2 kanan), ","")&IF($G$24=B35,"R3-S1 (Rak3 kiri), ","")&IF($H$24=B35,"R3-S2 (Rak3 tengah), ","")&IF($I$24=B35,"R3-S3 (Rak3 kanan), ",""))>2,LEFT(IF($A$24=B35,"R1-S1 (Rak1 kiri), ","")&IF($B$24=B35,"R1-S2 (Rak1 tengah), ","")&IF($C$24=B35,"R1-S3 (Rak1 kanan), ","")&IF($D$24=B35,"R2-S1 (Rak2 kiri), ","")&IF($E$24=B35,"R2-S2 (Rak2 tengah), ","")&IF($F$24=B35,"R2-S3 (Rak2 kanan), ","")&IF($G$24=B35,"R3-S1 (Rak3 kiri), ","")&IF($H$24=B35,"R3-S2 (Rak3 tengah), ","")&IF($I$24=B35,"R3-S3 (Rak3 kanan), ",""),LEN(IF($A$24=B35,"R1-S1 (Rak1 kiri), ","")&IF($B$24=B35,"R1-S2 (Rak1 tengah), ","")&IF($C$24=B35,"R1-S3 (Rak1 kanan), ","")&IF($D$24=B35,"R2-S1 (Rak2 kiri), ","")&IF($E$24=B35,"R2-S2 (Rak2 tengah), ","")&IF($F$24=B35,"R2-S3 (Rak2 kanan), ","")&IF($G$24=B35,"R3-S1 (Rak3 kiri), ","")&IF($H$24=B35,"R3-S2 (Rak3 tengah), ","")&IF($I$24=B35,"R3-S3 (Rak3 kanan), ",""))-2),IF($A$24=B35,"R1-S1 (Rak1 kiri), ","")&IF($B$24=B35,"R1-S2 (Rak1 tengah), ","")&IF($C$24=B35,"R1-S3 (Rak1 kanan), ","")&IF($D$24=B35,"R2-S1 (Rak2 kiri), ","")&IF($E$24=B35,"R2-S2 (Rak2 tengah), ","")&IF($F$24=B35,"R2-S3 (Rak2 kanan), ","")&IF($G$24=B35,"R3-S1 (Rak3 kiri), ","")&IF($H$24=B35,"R3-S2 (Rak3 tengah), ","")&IF($I$24=B35,"R3-S3 (Rak3 kanan), ","")))))) | J35: =IF(G35="","",IF(G35=1,0,1))
A36: K-B3 | B36: =IF(A36="","",VLOOKUP(A36,'Undian Kubus'!$A$10:$D$18,2,FALSE)) | C36: =IF(A36="","",VLOOKUP(A36,'Undian Kubus'!$A$10:$D$18,3,FALSE)) | D36: =IF(A36="","",IF(E36="","(belum diisi — isi kolom E & F)",TRIM(E36&IF(F36<>""," — "&F36,"")))) | E36: Stand C | F36: depan | G36: =IF(OR(A36="",E36="",F36=""),"",IF(OR(AND(OR(E36="Rak 1",E36="R1"),OR(LOWER(F36)="kiri",LOWER(F36)="s1",LOWER(F36)="r1-s1"),$A$24=B36),AND(OR(E36="Rak 1",E36="R1"),OR(LOWER(F36)="tengah",LOWER(F36)="s2",LOWER(F36)="r1-s2"),$B$24=B36),AND(OR(E36="Rak 1",E36="R1"),OR(LOWER(F36)="kanan",LOWER(F36)="s3",LOWER(F36)="r1-s3"),$C$24=B36),AND(OR(E36="Rak 2",E36="R2"),OR(LOWER(F36)="kiri",LOWER(F36)="s1",LOWER(F36)="r2-s1"),$D$24=B36),AND(OR(E36="Rak 2",E36="R2"),OR(LOWER(F36)="tengah",LOWER(F36)="s2",LOWER(F36)="r2-s2"),$E$24=B36),AND(OR(E36="Rak 2",E36="R2"),OR(LOWER(F36)="kanan",LOWER(F36)="s3",LOWER(F36)="r2-s3"),$F$24=B36),AND(OR(E36="Rak 3",E36="R3"),OR(LOWER(F36)="kiri",LOWER(F36)="s1",LOWER(F36)="r3-s1"),$G$24=B36),AND(OR(E36="Rak 3",E36="R3"),OR(LOWER(F36)="tengah",LOWER(F36)="s2",LOWER(F36)="r3-s2"),$H$24=B36),AND(OR(E36="Rak 3",E36="R3"),OR(LOWER(F36)="kanan",LOWER(F36)="s3",LOWER(F36)="r3-s3"),$I$24=B36)),1,0)) | H36: =IF(B36="","",IF(COUNTA($A$24:$I$24)=0,"(isi warna marker baris 24)",IF(IF(COUNTIF($A$24:$C$24,B36)>0,"Rak 1, ","")&IF(COUNTIF($D$24:$F$24,B36)>0,"Rak 2, ","")&IF(COUNTIF($G$24:$I$24,B36)>0,"Rak 3, ","")="","",IF(LEN(IF(COUNTIF($A$24:$C$24,B36)>0,"Rak 1, ","")&IF(COUNTIF($D$24:$F$24,B36)>0,"Rak 2, ","")&IF(COUNTIF($G$24:$I$24,B36)>0,"Rak 3, ",""))>2,LEFT(IF(COUNTIF($A$24:$C$24,B36)>0,"Rak 1, ","")&IF(COUNTIF($D$24:$F$24,B36)>0,"Rak 2, ","")&IF(COUNTIF($G$24:$I$24,B36)>0,"Rak 3, ",""),LEN(IF(COUNTIF($A$24:$C$24,B36)>0,"Rak 1, ","")&IF(COUNTIF($D$24:$F$24,B36)>0,"Rak 2, ","")&IF(COUNTIF($G$24:$I$24,B36)>0,"Rak 3, ",""))-2),IF(COUNTIF($A$24:$C$24,B36)>0,"Rak 1, ","")&IF(COUNTIF($D$24:$F$24,B36)>0,"Rak 2, ","")&IF(COUNTIF($G$24:$I$24,B36)>0,"Rak 3, ",""))))) | I36: =IF(B36="","",IF(COUNTA($A$24:$I$24)=0,"(isi warna marker baris 24)",IF(IF(IF($A$24=B36,"R1-S1 (Rak1 kiri), ","")&IF($B$24=B36,"R1-S2 (Rak1 tengah), ","")&IF($C$24=B36,"R1-S3 (Rak1 kanan), ","")&IF($D$24=B36,"R2-S1 (Rak2 kiri), ","")&IF($E$24=B36,"R2-S2 (Rak2 tengah), ","")&IF($F$24=B36,"R2-S3 (Rak2 kanan), ","")&IF($G$24=B36,"R3-S1 (Rak3 kiri), ","")&IF($H$24=B36,"R3-S2 (Rak3 tengah), ","")&IF($I$24=B36,"R3-S3 (Rak3 kanan), ","")="","",IF(LEN(IF($A$24=B36,"R1-S1 (Rak1 kiri), ","")&IF($B$24=B36,"R1-S2 (Rak1 tengah), ","")&IF($C$24=B36,"R1-S3 (Rak1 kanan), ","")&IF($D$24=B36,"R2-S1 (Rak2 kiri), ","")&IF($E$24=B36,"R2-S2 (Rak2 tengah), ","")&IF($F$24=B36,"R2-S3 (Rak2 kanan), ","")&IF($G$24=B36,"R3-S1 (Rak3 kiri), ","")&IF($H$24=B36,"R3-S2 (Rak3 tengah), ","")&IF($I$24=B36,"R3-S3 (Rak3 kanan), ",""))>2,LEFT(IF($A$24=B36,"R1-S1 (Rak1 kiri), ","")&IF($B$24=B36,"R1-S2 (Rak1 tengah), ","")&IF($C$24=B36,"R1-S3 (Rak1 kanan), ","")&IF($D$24=B36,"R2-S1 (Rak2 kiri), ","")&IF($E$24=B36,"R2-S2 (Rak2 tengah), ","")&IF($F$24=B36,"R2-S3 (Rak2 kanan), ","")&IF($G$24=B36,"R3-S1 (Rak3 kiri), ","")&IF($H$24=B36,"R3-S2 (Rak3 tengah), ","")&IF($I$24=B36,"R3-S3 (Rak3 kanan), ",""),LEN(IF($A$24=B36,"R1-S1 (Rak1 kiri), ","")&IF($B$24=B36,"R1-S2 (Rak1 tengah), ","")&IF($C$24=B36,"R1-S3 (Rak1 kanan), ","")&IF($D$24=B36,"R2-S1 (Rak2 kiri), ","")&IF($E$24=B36,"R2-S2 (Rak2 tengah), ","")&IF($F$24=B36,"R2-S3 (Rak2 kanan), ","")&IF($G$24=B36,"R3-S1 (Rak3 kiri), ","")&IF($H$24=B36,"R3-S2 (Rak3 tengah), ","")&IF($I$24=B36,"R3-S3 (Rak3 kanan), ",""))-2),IF($A$24=B36,"R1-S1 (Rak1 kiri), ","")&IF($B$24=B36,"R1-S2 (Rak1 tengah), ","")&IF($C$24=B36,"R1-S3 (Rak1 kanan), ","")&IF($D$24=B36,"R2-S1 (Rak2 kiri), ","")&IF($E$24=B36,"R2-S2 (Rak2 tengah), ","")&IF($F$24=B36,"R2-S3 (Rak2 kanan), ","")&IF($G$24=B36,"R3-S1 (Rak3 kiri), ","")&IF($H$24=B36,"R3-S2 (Rak3 tengah), ","")&IF($I$24=B36,"R3-S3 (Rak3 kanan), ","")))="","","Slot marker "&B36&": "&IF(IF($A$24=B36,"R1-S1 (Rak1 kiri), ","")&IF($B$24=B36,"R1-S2 (Rak1 tengah), ","")&IF($C$24=B36,"R1-S3 (Rak1 kanan), ","")&IF($D$24=B36,"R2-S1 (Rak2 kiri), ","")&IF($E$24=B36,"R2-S2 (Rak2 tengah), ","")&IF($F$24=B36,"R2-S3 (Rak2 kanan), ","")&IF($G$24=B36,"R3-S1 (Rak3 kiri), ","")&IF($H$24=B36,"R3-S2 (Rak3 tengah), ","")&IF($I$24=B36,"R3-S3 (Rak3 kanan), ","")="","",IF(LEN(IF($A$24=B36,"R1-S1 (Rak1 kiri), ","")&IF($B$24=B36,"R1-S2 (Rak1 tengah), ","")&IF($C$24=B36,"R1-S3 (Rak1 kanan), ","")&IF($D$24=B36,"R2-S1 (Rak2 kiri), ","")&IF($E$24=B36,"R2-S2 (Rak2 tengah), ","")&IF($F$24=B36,"R2-S3 (Rak2 kanan), ","")&IF($G$24=B36,"R3-S1 (Rak3 kiri), ","")&IF($H$24=B36,"R3-S2 (Rak3 tengah), ","")&IF($I$24=B36,"R3-S3 (Rak3 kanan), ",""))>2,LEFT(IF($A$24=B36,"R1-S1 (Rak1 kiri), ","")&IF($B$24=B36,"R1-S2 (Rak1 tengah), ","")&IF($C$24=B36,"R1-S3 (Rak1 kanan), ","")&IF($D$24=B36,"R2-S1 (Rak2 kiri), ","")&IF($E$24=B36,"R2-S2 (Rak2 tengah), ","")&IF($F$24=B36,"R2-S3 (Rak2 kanan), ","")&IF($G$24=B36,"R3-S1 (Rak3 kiri), ","")&IF($H$24=B36,"R3-S2 (Rak3 tengah), ","")&IF($I$24=B36,"R3-S3 (Rak3 kanan), ",""),LEN(IF($A$24=B36,"R1-S1 (Rak1 kiri), ","")&IF($B$24=B36,"R1-S2 (Rak1 tengah), ","")&IF($C$24=B36,"R1-S3 (Rak1 kanan), ","")&IF($D$24=B36,"R2-S1 (Rak2 kiri), ","")&IF($E$24=B36,"R2-S2 (Rak2 tengah), ","")&IF($F$24=B36,"R2-S3 (Rak2 kanan), ","")&IF($G$24=B36,"R3-S1 (Rak3 kiri), ","")&IF($H$24=B36,"R3-S2 (Rak3 tengah), ","")&IF($I$24=B36,"R3-S3 (Rak3 kanan), ",""))-2),IF($A$24=B36,"R1-S1 (Rak1 kiri), ","")&IF($B$24=B36,"R1-S2 (Rak1 tengah), ","")&IF($C$24=B36,"R1-S3 (Rak1 kanan), ","")&IF($D$24=B36,"R2-S1 (Rak2 kiri), ","")&IF($E$24=B36,"R2-S2 (Rak2 tengah), ","")&IF($F$24=B36,"R2-S3 (Rak2 kanan), ","")&IF($G$24=B36,"R3-S1 (Rak3 kiri), ","")&IF($H$24=B36,"R3-S2 (Rak3 tengah), ","")&IF($I$24=B36,"R3-S3 (Rak3 kanan), ","")))))) | J36: =IF(G36="","",IF(G36=1,0,1))
A38: OBSTACLE — catat posisi obstacle yang dipakai di run ini (isi baris di bawah, kolom Obs 1–10). Tulis lokasi singkat; kolom tidak dipakai dikosongkan.
A39: Contoh isian: «kiri GATE» | «tengah arena» | «dekat Rak 2» | «antara START dan Rak 1» | «kanan bawah». Jumlah obstacle mengikuti soal hari itu (biasanya 6–10 buah).
A40: Obs 1 | B40: Obs 2 | C40: Obs 3 | D40: Obs 4 | E40: Obs 5 | F40: Obs 6 | G40: Obs 7 | H40: Obs 8 | I40: Obs 9 | J40: Obs 10
A41: kiri GATE | B41: tengah kiri arena | C41: tengah kanan arena | D41: kanan atas Rak 2 | E41: bawah tengah | F41: dekat Rak 3
A43: Tanda tangan Juru Acak: | D43: Tanda tangan Juri: | G43: Tanda tangan Peserta (saksi):

Sheet Modul E
A1: MODUL E — Performansi Otonom (60 poin, Measurement)
A2: Bingung cara pakai Modul E? Buka panduan lengkap di GitHub (klik di sini)
A3: Tim No: | B3: 05 | C3: Run ID: | D3: H2 | E3: Hari: | G3: Trial/Final: | H3: Trial
A4: Arena No: | B4: 2 | C4: Waktu START: | D4: 08:42
A5: PETUNJUK: Isi sheet Undian Kubus dulu — baris 24 (warna marker, baris kuning), kolom A baris 28–36 (ID kubus), E (Rak/Stand), F (Slot). Kolom di bawah terisi otomatis.
A6: No | B6: ID Kubus | C6: Warna | D6: Bentuk | E6: Posisi Awal | F6: Slot Target | G6: OK Awal (1/0) | H6: Hasil Run (1/0) | I6: Bobot | J6: Skor | K6: Catatan
A7: 1 | B7: =IF('Undian Kubus'!A28="","",'Undian Kubus'!A28) | C7: =IF(B7="","",VLOOKUP(B7,'Undian Kubus'!$A$10:$D$18,2,FALSE)) | D7: =IF(B7="","",VLOOKUP(B7,'Undian Kubus'!$A$10:$D$18,3,FALSE)) | E7: =IF(B7="","",IF(IFERROR(VLOOKUP(B7,'Undian Kubus'!$A$28:$I$36,5,FALSE),"")="","→ isi Rak/Stand & Slot (sheet Undian Kubus)",IFERROR(VLOOKUP(B7,'Undian Kubus'!$A$28:$I$36,4,FALSE),""))) | F7: =IF(B7="","",IF(C7="","",IF(COUNTA('Undian Kubus'!$A$24:$I$24)=0,"→ isi warna marker baris 24 (Undian)",IF(IF('Undian Kubus'!$A$24=C7,"R1-S1 (Rak1 kiri), ","")&IF('Undian Kubus'!$B$24=C7,"R1-S2 (Rak1 tengah), ","")&IF('Undian Kubus'!$C$24=C7,"R1-S3 (Rak1 kanan), ","")&IF('Undian Kubus'!$D$24=C7,"R2-S1 (Rak2 kiri), ","")&IF('Undian Kubus'!$E$24=C7,"R2-S2 (Rak2 tengah), ","")&IF('Undian Kubus'!$F$24=C7,"R2-S3 (Rak2 kanan), ","")&IF('Undian Kubus'!$G$24=C7,"R3-S1 (Rak3 kiri), ","")&IF('Undian Kubus'!$H$24=C7,"R3-S2 (Rak3 tengah), ","")&IF('Undian Kubus'!$I$24=C7,"R3-S3 (Rak3 kanan), ","")="","",IF(LEN(IF('Undian Kubus'!$A$24=C7,"R1-S1 (Rak1 kiri), ","")&IF('Undian Kubus'!$B$24=C7,"R1-S2 (Rak1 tengah), ","")&IF('Undian Kubus'!$C$24=C7,"R1-S3 (Rak1 kanan), ","")&IF('Undian Kubus'!$D$24=C7,"R2-S1 (Rak2 kiri), ","")&IF('Undian Kubus'!$E$24=C7,"R2-S2 (Rak2 tengah), ","")&IF('Undian Kubus'!$F$24=C7,"R2-S3 (Rak2 kanan), ","")&IF('Undian Kubus'!$G$24=C7,"R3-S1 (Rak3 kiri), ","")&IF('Undian Kubus'!$H$24=C7,"R3-S2 (Rak3 tengah), ","")&IF('Undian Kubus'!$I$24=C7,"R3-S3 (Rak3 kanan), ",""))>2,LEFT(IF('Undian Kubus'!$A$24=C7,"R1-S1 (Rak1 kiri), ","")&IF('Undian Kubus'!$B$24=C7,"R1-S2 (Rak1 tengah), ","")&IF('Undian Kubus'!$C$24=C7,"R1-S3 (Rak1 kanan), ","")&IF('Undian Kubus'!$D$24=C7,"R2-S1 (Rak2 kiri), ","")&IF('Undian Kubus'!$E$24=C7,"R2-S2 (Rak2 tengah), ","")&IF('Undian Kubus'!$F$24=C7,"R2-S3 (Rak2 kanan), ","")&IF('Undian Kubus'!$G$24=C7,"R3-S1 (Rak3 kiri), ","")&IF('Undian Kubus'!$H$24=C7,"R3-S2 (Rak3 tengah), ","")&IF('Undian Kubus'!$I$24=C7,"R3-S3 (Rak3 kanan), ",""),LEN(IF('Undian Kubus'!$A$24=C7,"R1-S1 (Rak1 kiri), ","")&IF('Undian Kubus'!$B$24=C7,"R1-S2 (Rak1 tengah), ","")&IF('Undian Kubus'!$C$24=C7,"R1-S3 (Rak1 kanan), ","")&IF('Undian Kubus'!$D$24=C7,"R2-S1 (Rak2 kiri), ","")&IF('Undian Kubus'!$E$24=C7,"R2-S2 (Rak2 tengah), ","")&IF('Undian Kubus'!$F$24=C7,"R2-S3 (Rak2 kanan), ","")&IF('Undian Kubus'!$G$24=C7,"R3-S1 (Rak3 kiri), ","")&IF('Undian Kubus'!$H$24=C7,"R3-S2 (Rak3 tengah), ","")&IF('Undian Kubus'!$I$24=C7,"R3-S3 (Rak3 kanan), ",""))-2),IF('Undian Kubus'!$A$24=C7,"R1-S1 (Rak1 kiri), ","")&IF('Undian Kubus'!$B$24=C7,"R1-S2 (Rak1 tengah), ","")&IF('Undian Kubus'!$C$24=C7,"R1-S3 (Rak1 kanan), ","")&IF('Undian Kubus'!$D$24=C7,"R2-S1 (Rak2 kiri), ","")&IF('Undian Kubus'!$E$24=C7,"R2-S2 (Rak2 tengah), ","")&IF('Undian Kubus'!$F$24=C7,"R2-S3 (Rak2 kanan), ","")&IF('Undian Kubus'!$G$24=C7,"R3-S1 (Rak3 kiri), ","")&IF('Undian Kubus'!$H$24=C7,"R3-S2 (Rak3 tengah), ","")&IF('Undian Kubus'!$I$24=C7,"R3-S3 (Rak3 kanan), ","")))))) | G7: =IF(B7="","",IFERROR(VLOOKUP(B7,'Undian Kubus'!$A$28:$I$36,7,FALSE),"")) | H7: 1 | I7: =60/9 | J7: =IF(H7="",0,H7*I7)
A8: 2 | B8: =IF('Undian Kubus'!A29="","",'Undian Kubus'!A29) | C8: =IF(B8="","",VLOOKUP(B8,'Undian Kubus'!$A$10:$D$18,2,FALSE)) | D8: =IF(B8="","",VLOOKUP(B8,'Undian Kubus'!$A$10:$D$18,3,FALSE)) | E8: =IF(B8="","",IF(IFERROR(VLOOKUP(B8,'Undian Kubus'!$A$28:$I$36,5,FALSE),"")="","→ isi Rak/Stand & Slot (sheet Undian Kubus)",IFERROR(VLOOKUP(B8,'Undian Kubus'!$A$28:$I$36,4,FALSE),""))) | F8: =IF(B8="","",IF(C8="","",IF(COUNTA('Undian Kubus'!$A$24:$I$24)=0,"→ isi warna marker baris 24 (Undian)",IF(IF('Undian Kubus'!$A$24=C8,"R1-S1 (Rak1 kiri), ","")&IF('Undian Kubus'!$B$24=C8,"R1-S2 (Rak1 tengah), ","")&IF('Undian Kubus'!$C$24=C8,"R1-S3 (Rak1 kanan), ","")&IF('Undian Kubus'!$D$24=C8,"R2-S1 (Rak2 kiri), ","")&IF('Undian Kubus'!$E$24=C8,"R2-S2 (Rak2 tengah), ","")&IF('Undian Kubus'!$F$24=C8,"R2-S3 (Rak2 kanan), ","")&IF('Undian Kubus'!$G$24=C8,"R3-S1 (Rak3 kiri), ","")&IF('Undian Kubus'!$H$24=C8,"R3-S2 (Rak3 tengah), ","")&IF('Undian Kubus'!$I$24=C8,"R3-S3 (Rak3 kanan), ","")="","",IF(LEN(IF('Undian Kubus'!$A$24=C8,"R1-S1 (Rak1 kiri), ","")&IF('Undian Kubus'!$B$24=C8,"R1-S2 (Rak1 tengah), ","")&IF('Undian Kubus'!$C$24=C8,"R1-S3 (Rak1 kanan), ","")&IF('Undian Kubus'!$D$24=C8,"R2-S1 (Rak2 kiri), ","")&IF('Undian Kubus'!$E$24=C8,"R2-S2 (Rak2 tengah), ","")&IF('Undian Kubus'!$F$24=C8,"R2-S3 (Rak2 kanan), ","")&IF('Undian Kubus'!$G$24=C8,"R3-S1 (Rak3 kiri), ","")&IF('Undian Kubus'!$H$24=C8,"R3-S2 (Rak3 tengah), ","")&IF('Undian Kubus'!$I$24=C8,"R3-S3 (Rak3 kanan), ",""))>2,LEFT(IF('Undian Kubus'!$A$24=C8,"R1-S1 (Rak1 kiri), ","")&IF('Undian Kubus'!$B$24=C8,"R1-S2 (Rak1 tengah), ","")&IF('Undian Kubus'!$C$24=C8,"R1-S3 (Rak1 kanan), ","")&IF('Undian Kubus'!$D$24=C8,"R2-S1 (Rak2 kiri), ","")&IF('Undian Kubus'!$E$24=C8,"R2-S2 (Rak2 tengah), ","")&IF('Undian Kubus'!$F$24=C8,"R2-S3 (Rak2 kanan), ","")&IF('Undian Kubus'!$G$24=C8,"R3-S1 (Rak3 kiri), ","")&IF('Undian Kubus'!$H$24=C8,"R3-S2 (Rak3 tengah), ","")&IF('Undian Kubus'!$I$24=C8,"R3-S3 (Rak3 kanan), ",""),LEN(IF('Undian Kubus'!$A$24=C8,"R1-S1 (Rak1 kiri), ","")&IF('Undian Kubus'!$B$24=C8,"R1-S2 (Rak1 tengah), ","")&IF('Undian Kubus'!$C$24=C8,"R1-S3 (Rak1 kanan), ","")&IF('Undian Kubus'!$D$24=C8,"R2-S1 (Rak2 kiri), ","")&IF('Undian Kubus'!$E$24=C8,"R2-S2 (Rak2 tengah), ","")&IF('Undian Kubus'!$F$24=C8,"R2-S3 (Rak2 kanan), ","")&IF('Undian Kubus'!$G$24=C8,"R3-S1 (Rak3 kiri), ","")&IF('Undian Kubus'!$H$24=C8,"R3-S2 (Rak3 tengah), ","")&IF('Undian Kubus'!$I$24=C8,"R3-S3 (Rak3 kanan), ",""))-2),IF('Undian Kubus'!$A$24=C8,"R1-S1 (Rak1 kiri), ","")&IF('Undian Kubus'!$B$24=C8,"R1-S2 (Rak1 tengah), ","")&IF('Undian Kubus'!$C$24=C8,"R1-S3 (Rak1 kanan), ","")&IF('Undian Kubus'!$D$24=C8,"R2-S1 (Rak2 kiri), ","")&IF('Undian Kubus'!$E$24=C8,"R2-S2 (Rak2 tengah), ","")&IF('Undian Kubus'!$F$24=C8,"R2-S3 (Rak2 kanan), ","")&IF('Undian Kubus'!$G$24=C8,"R3-S1 (Rak3 kiri), ","")&IF('Undian Kubus'!$H$24=C8,"R3-S2 (Rak3 tengah), ","")&IF('Undian Kubus'!$I$24=C8,"R3-S3 (Rak3 kanan), ","")))))) | G8: =IF(B8="","",IFERROR(VLOOKUP(B8,'Undian Kubus'!$A$28:$I$36,7,FALSE),"")) | H8: 1 | I8: =60/9 | J8: =IF(H8="",0,H8*I8)
A9: 3 | B9: =IF('Undian Kubus'!A30="","",'Undian Kubus'!A30) | C9: =IF(B9="","",VLOOKUP(B9,'Undian Kubus'!$A$10:$D$18,2,FALSE)) | D9: =IF(B9="","",VLOOKUP(B9,'Undian Kubus'!$A$10:$D$18,3,FALSE)) | E9: =IF(B9="","",IF(IFERROR(VLOOKUP(B9,'Undian Kubus'!$A$28:$I$36,5,FALSE),"")="","→ isi Rak/Stand & Slot (sheet Undian Kubus)",IFERROR(VLOOKUP(B9,'Undian Kubus'!$A$28:$I$36,4,FALSE),""))) | F9: =IF(B9="","",IF(C9="","",IF(COUNTA('Undian Kubus'!$A$24:$I$24)=0,"→ isi warna marker baris 24 (Undian)",IF(IF('Undian Kubus'!$A$24=C9,"R1-S1 (Rak1 kiri), ","")&IF('Undian Kubus'!$B$24=C9,"R1-S2 (Rak1 tengah), ","")&IF('Undian Kubus'!$C$24=C9,"R1-S3 (Rak1 kanan), ","")&IF('Undian Kubus'!$D$24=C9,"R2-S1 (Rak2 kiri), ","")&IF('Undian Kubus'!$E$24=C9,"R2-S2 (Rak2 tengah), ","")&IF('Undian Kubus'!$F$24=C9,"R2-S3 (Rak2 kanan), ","")&IF('Undian Kubus'!$G$24=C9,"R3-S1 (Rak3 kiri), ","")&IF('Undian Kubus'!$H$24=C9,"R3-S2 (Rak3 tengah), ","")&IF('Undian Kubus'!$I$24=C9,"R3-S3 (Rak3 kanan), ","")="","",IF(LEN(IF('Undian Kubus'!$A$24=C9,"R1-S1 (Rak1 kiri), ","")&IF('Undian Kubus'!$B$24=C9,"R1-S2 (Rak1 tengah), ","")&IF('Undian Kubus'!$C$24=C9,"R1-S3 (Rak1 kanan), ","")&IF('Undian Kubus'!$D$24=C9,"R2-S1 (Rak2 kiri), ","")&IF('Undian Kubus'!$E$24=C9,"R2-S2 (Rak2 tengah), ","")&IF('Undian Kubus'!$F$24=C9,"R2-S3 (Rak2 kanan), ","")&IF('Undian Kubus'!$G$24=C9,"R3-S1 (Rak3 kiri), ","")&IF('Undian Kubus'!$H$24=C9,"R3-S2 (Rak3 tengah), ","")&IF('Undian Kubus'!$I$24=C9,"R3-S3 (Rak3 kanan), ",""))>2,LEFT(IF('Undian Kubus'!$A$24=C9,"R1-S1 (Rak1 kiri), ","")&IF('Undian Kubus'!$B$24=C9,"R1-S2 (Rak1 tengah), ","")&IF('Undian Kubus'!$C$24=C9,"R1-S3 (Rak1 kanan), ","")&IF('Undian Kubus'!$D$24=C9,"R2-S1 (Rak2 kiri), ","")&IF('Undian Kubus'!$E$24=C9,"R2-S2 (Rak2 tengah), ","")&IF('Undian Kubus'!$F$24=C9,"R2-S3 (Rak2 kanan), ","")&IF('Undian Kubus'!$G$24=C9,"R3-S1 (Rak3 kiri), ","")&IF('Undian Kubus'!$H$24=C9,"R3-S2 (Rak3 tengah), ","")&IF('Undian Kubus'!$I$24=C9,"R3-S3 (Rak3 kanan), ",""),LEN(IF('Undian Kubus'!$A$24=C9,"R1-S1 (Rak1 kiri), ","")&IF('Undian Kubus'!$B$24=C9,"R1-S2 (Rak1 tengah), ","")&IF('Undian Kubus'!$C$24=C9,"R1-S3 (Rak1 kanan), ","")&IF('Undian Kubus'!$D$24=C9,"R2-S1 (Rak2 kiri), ","")&IF('Undian Kubus'!$E$24=C9,"R2-S2 (Rak2 tengah), ","")&IF('Undian Kubus'!$F$24=C9,"R2-S3 (Rak2 kanan), ","")&IF('Undian Kubus'!$G$24=C9,"R3-S1 (Rak3 kiri), ","")&IF('Undian Kubus'!$H$24=C9,"R3-S2 (Rak3 tengah), ","")&IF('Undian Kubus'!$I$24=C9,"R3-S3 (Rak3 kanan), ",""))-2),IF('Undian Kubus'!$A$24=C9,"R1-S1 (Rak1 kiri), ","")&IF('Undian Kubus'!$B$24=C9,"R1-S2 (Rak1 tengah), ","")&IF('Undian Kubus'!$C$24=C9,"R1-S3 (Rak1 kanan), ","")&IF('Undian Kubus'!$D$24=C9,"R2-S1 (Rak2 kiri), ","")&IF('Undian Kubus'!$E$24=C9,"R2-S2 (Rak2 tengah), ","")&IF('Undian Kubus'!$F$24=C9,"R2-S3 (Rak2 kanan), ","")&IF('Undian Kubus'!$G$24=C9,"R3-S1 (Rak3 kiri), ","")&IF('Undian Kubus'!$H$24=C9,"R3-S2 (Rak3 tengah), ","")&IF('Undian Kubus'!$I$24=C9,"R3-S3 (Rak3 kanan), ","")))))) | G9: =IF(B9="","",IFERROR(VLOOKUP(B9,'Undian Kubus'!$A$28:$I$36,7,FALSE),"")) | H9: 1 | I9: =60/9 | J9: =IF(H9="",0,H9*I9)
A10: 4 | B10: =IF('Undian Kubus'!A31="","",'Undian Kubus'!A31) | C10: =IF(B10="","",VLOOKUP(B10,'Undian Kubus'!$A$10:$D$18,2,FALSE)) | D10: =IF(B10="","",VLOOKUP(B10,'Undian Kubus'!$A$10:$D$18,3,FALSE)) | E10: =IF(B10="","",IF(IFERROR(VLOOKUP(B10,'Undian Kubus'!$A$28:$I$36,5,FALSE),"")="","→ isi Rak/Stand & Slot (sheet Undian Kubus)",IFERROR(VLOOKUP(B10,'Undian Kubus'!$A$28:$I$36,4,FALSE),""))) | F10: =IF(B10="","",IF(C10="","",IF(COUNTA('Undian Kubus'!$A$24:$I$24)=0,"→ isi warna marker baris 24 (Undian)",IF(IF('Undian Kubus'!$A$24=C10,"R1-S1 (Rak1 kiri), ","")&IF('Undian Kubus'!$B$24=C10,"R1-S2 (Rak1 tengah), ","")&IF('Undian Kubus'!$C$24=C10,"R1-S3 (Rak1 kanan), ","")&IF('Undian Kubus'!$D$24=C10,"R2-S1 (Rak2 kiri), ","")&IF('Undian Kubus'!$E$24=C10,"R2-S2 (Rak2 tengah), ","")&IF('Undian Kubus'!$F$24=C10,"R2-S3 (Rak2 kanan), ","")&IF('Undian Kubus'!$G$24=C10,"R3-S1 (Rak3 kiri), ","")&IF('Undian Kubus'!$H$24=C10,"R3-S2 (Rak3 tengah), ","")&IF('Undian Kubus'!$I$24=C10,"R3-S3 (Rak3 kanan), ","")="","",IF(LEN(IF('Undian Kubus'!$A$24=C10,"R1-S1 (Rak1 kiri), ","")&IF('Undian Kubus'!$B$24=C10,"R1-S2 (Rak1 tengah), ","")&IF('Undian Kubus'!$C$24=C10,"R1-S3 (Rak1 kanan), ","")&IF('Undian Kubus'!$D$24=C10,"R2-S1 (Rak2 kiri), ","")&IF('Undian Kubus'!$E$24=C10,"R2-S2 (Rak2 tengah), ","")&IF('Undian Kubus'!$F$24=C10,"R2-S3 (Rak2 kanan), ","")&IF('Undian Kubus'!$G$24=C10,"R3-S1 (Rak3 kiri), ","")&IF('Undian Kubus'!$H$24=C10,"R3-S2 (Rak3 tengah), ","")&IF('Undian Kubus'!$I$24=C10,"R3-S3 (Rak3 kanan), ",""))>2,LEFT(IF('Undian Kubus'!$A$24=C10,"R1-S1 (Rak1 kiri), ","")&IF('Undian Kubus'!$B$24=C10,"R1-S2 (Rak1 tengah), ","")&IF('Undian Kubus'!$C$24=C10,"R1-S3 (Rak1 kanan), ","")&IF('Undian Kubus'!$D$24=C10,"R2-S1 (Rak2 kiri), ","")&IF('Undian Kubus'!$E$24=C10,"R2-S2 (Rak2 tengah), ","")&IF('Undian Kubus'!$F$24=C10,"R2-S3 (Rak2 kanan), ","")&IF('Undian Kubus'!$G$24=C10,"R3-S1 (Rak3 kiri), ","")&IF('Undian Kubus'!$H$24=C10,"R3-S2 (Rak3 tengah), ","")&IF('Undian Kubus'!$I$24=C10,"R3-S3 (Rak3 kanan), ",""),LEN(IF('Undian Kubus'!$A$24=C10,"R1-S1 (Rak1 kiri), ","")&IF('Undian Kubus'!$B$24=C10,"R1-S2 (Rak1 tengah), ","")&IF('Undian Kubus'!$C$24=C10,"R1-S3 (Rak1 kanan), ","")&IF('Undian Kubus'!$D$24=C10,"R2-S1 (Rak2 kiri), ","")&IF('Undian Kubus'!$E$24=C10,"R2-S2 (Rak2 tengah), ","")&IF('Undian Kubus'!$F$24=C10,"R2-S3 (Rak2 kanan), ","")&IF('Undian Kubus'!$G$24=C10,"R3-S1 (Rak3 kiri), ","")&IF('Undian Kubus'!$H$24=C10,"R3-S2 (Rak3 tengah), ","")&IF('Undian Kubus'!$I$24=C10,"R3-S3 (Rak3 kanan), ",""))-2),IF('Undian Kubus'!$A$24=C10,"R1-S1 (Rak1 kiri), ","")&IF('Undian Kubus'!$B$24=C10,"R1-S2 (Rak1 tengah), ","")&IF('Undian Kubus'!$C$24=C10,"R1-S3 (Rak1 kanan), ","")&IF('Undian Kubus'!$D$24=C10,"R2-S1 (Rak2 kiri), ","")&IF('Undian Kubus'!$E$24=C10,"R2-S2 (Rak2 tengah), ","")&IF('Undian Kubus'!$F$24=C10,"R2-S3 (Rak2 kanan), ","")&IF('Undian Kubus'!$G$24=C10,"R3-S1 (Rak3 kiri), ","")&IF('Undian Kubus'!$H$24=C10,"R3-S2 (Rak3 tengah), ","")&IF('Undian Kubus'!$I$24=C10,"R3-S3 (Rak3 kanan), ","")))))) | G10: =IF(B10="","",IFERROR(VLOOKUP(B10,'Undian Kubus'!$A$28:$I$36,7,FALSE),"")) | H10: 1 | I10: =60/9 | J10: =IF(H10="",0,H10*I10)
A11: 5 | B11: =IF('Undian Kubus'!A32="","",'Undian Kubus'!A32) | C11: =IF(B11="","",VLOOKUP(B11,'Undian Kubus'!$A$10:$D$18,2,FALSE)) | D11: =IF(B11="","",VLOOKUP(B11,'Undian Kubus'!$A$10:$D$18,3,FALSE)) | E11: =IF(B11="","",IF(IFERROR(VLOOKUP(B11,'Undian Kubus'!$A$28:$I$36,5,FALSE),"")="","→ isi Rak/Stand & Slot (sheet Undian Kubus)",IFERROR(VLOOKUP(B11,'Undian Kubus'!$A$28:$I$36,4,FALSE),""))) | F11: =IF(B11="","",IF(C11="","",IF(COUNTA('Undian Kubus'!$A$24:$I$24)=0,"→ isi warna marker baris 24 (Undian)",IF(IF('Undian Kubus'!$A$24=C11,"R1-S1 (Rak1 kiri), ","")&IF('Undian Kubus'!$B$24=C11,"R1-S2 (Rak1 tengah), ","")&IF('Undian Kubus'!$C$24=C11,"R1-S3 (Rak1 kanan), ","")&IF('Undian Kubus'!$D$24=C11,"R2-S1 (Rak2 kiri), ","")&IF('Undian Kubus'!$E$24=C11,"R2-S2 (Rak2 tengah), ","")&IF('Undian Kubus'!$F$24=C11,"R2-S3 (Rak2 kanan), ","")&IF('Undian Kubus'!$G$24=C11,"R3-S1 (Rak3 kiri), ","")&IF('Undian Kubus'!$H$24=C11,"R3-S2 (Rak3 tengah), ","")&IF('Undian Kubus'!$I$24=C11,"R3-S3 (Rak3 kanan), ","")="","",IF(LEN(IF('Undian Kubus'!$A$24=C11,"R1-S1 (Rak1 kiri), ","")&IF('Undian Kubus'!$B$24=C11,"R1-S2 (Rak1 tengah), ","")&IF('Undian Kubus'!$C$24=C11,"R1-S3 (Rak1 kanan), ","")&IF('Undian Kubus'!$D$24=C11,"R2-S1 (Rak2 kiri), ","")&IF('Undian Kubus'!$E$24=C11,"R2-S2 (Rak2 tengah), ","")&IF('Undian Kubus'!$F$24=C11,"R2-S3 (Rak2 kanan), ","")&IF('Undian Kubus'!$G$24=C11,"R3-S1 (Rak3 kiri), ","")&IF('Undian Kubus'!$H$24=C11,"R3-S2 (Rak3 tengah), ","")&IF('Undian Kubus'!$I$24=C11,"R3-S3 (Rak3 kanan), ",""))>2,LEFT(IF('Undian Kubus'!$A$24=C11,"R1-S1 (Rak1 kiri), ","")&IF('Undian Kubus'!$B$24=C11,"R1-S2 (Rak1 tengah), ","")&IF('Undian Kubus'!$C$24=C11,"R1-S3 (Rak1 kanan), ","")&IF('Undian Kubus'!$D$24=C11,"R2-S1 (Rak2 kiri), ","")&IF('Undian Kubus'!$E$24=C11,"R2-S2 (Rak2 tengah), ","")&IF('Undian Kubus'!$F$24=C11,"R2-S3 (Rak2 kanan), ","")&IF('Undian Kubus'!$G$24=C11,"R3-S1 (Rak3 kiri), ","")&IF('Undian Kubus'!$H$24=C11,"R3-S2 (Rak3 tengah), ","")&IF('Undian Kubus'!$I$24=C11,"R3-S3 (Rak3 kanan), ",""),LEN(IF('Undian Kubus'!$A$24=C11,"R1-S1 (Rak1 kiri), ","")&IF('Undian Kubus'!$B$24=C11,"R1-S2 (Rak1 tengah), ","")&IF('Undian Kubus'!$C$24=C11,"R1-S3 (Rak1 kanan), ","")&IF('Undian Kubus'!$D$24=C11,"R2-S1 (Rak2 kiri), ","")&IF('Undian Kubus'!$E$24=C11,"R2-S2 (Rak2 tengah), ","")&IF('Undian Kubus'!$F$24=C11,"R2-S3 (Rak2 kanan), ","")&IF('Undian Kubus'!$G$24=C11,"R3-S1 (Rak3 kiri), ","")&IF('Undian Kubus'!$H$24=C11,"R3-S2 (Rak3 tengah), ","")&IF('Undian Kubus'!$I$24=C11,"R3-S3 (Rak3 kanan), ",""))-2),IF('Undian Kubus'!$A$24=C11,"R1-S1 (Rak1 kiri), ","")&IF('Undian Kubus'!$B$24=C11,"R1-S2 (Rak1 tengah), ","")&IF('Undian Kubus'!$C$24=C11,"R1-S3 (Rak1 kanan), ","")&IF('Undian Kubus'!$D$24=C11,"R2-S1 (Rak2 kiri), ","")&IF('Undian Kubus'!$E$24=C11,"R2-S2 (Rak2 tengah), ","")&IF('Undian Kubus'!$F$24=C11,"R2-S3 (Rak2 kanan), ","")&IF('Undian Kubus'!$G$24=C11,"R3-S1 (Rak3 kiri), ","")&IF('Undian Kubus'!$H$24=C11,"R3-S2 (Rak3 tengah), ","")&IF('Undian Kubus'!$I$24=C11,"R3-S3 (Rak3 kanan), ","")))))) | G11: =IF(B11="","",IFERROR(VLOOKUP(B11,'Undian Kubus'!$A$28:$I$36,7,FALSE),"")) | H11: 0 | I11: =60/9 | J11: =IF(H11="",0,H11*I11)
A12: 6 | B12: =IF('Undian Kubus'!A33="","",'Undian Kubus'!A33) | C12: =IF(B12="","",VLOOKUP(B12,'Undian Kubus'!$A$10:$D$18,2,FALSE)) | D12: =IF(B12="","",VLOOKUP(B12,'Undian Kubus'!$A$10:$D$18,3,FALSE)) | E12: =IF(B12="","",IF(IFERROR(VLOOKUP(B12,'Undian Kubus'!$A$28:$I$36,5,FALSE),"")="","→ isi Rak/Stand & Slot (sheet Undian Kubus)",IFERROR(VLOOKUP(B12,'Undian Kubus'!$A$28:$I$36,4,FALSE),""))) | F12: =IF(B12="","",IF(C12="","",IF(COUNTA('Undian Kubus'!$A$24:$I$24)=0,"→ isi warna marker baris 24 (Undian)",IF(IF('Undian Kubus'!$A$24=C12,"R1-S1 (Rak1 kiri), ","")&IF('Undian Kubus'!$B$24=C12,"R1-S2 (Rak1 tengah), ","")&IF('Undian Kubus'!$C$24=C12,"R1-S3 (Rak1 kanan), ","")&IF('Undian Kubus'!$D$24=C12,"R2-S1 (Rak2 kiri), ","")&IF('Undian Kubus'!$E$24=C12,"R2-S2 (Rak2 tengah), ","")&IF('Undian Kubus'!$F$24=C12,"R2-S3 (Rak2 kanan), ","")&IF('Undian Kubus'!$G$24=C12,"R3-S1 (Rak3 kiri), ","")&IF('Undian Kubus'!$H$24=C12,"R3-S2 (Rak3 tengah), ","")&IF('Undian Kubus'!$I$24=C12,"R3-S3 (Rak3 kanan), ","")="","",IF(LEN(IF('Undian Kubus'!$A$24=C12,"R1-S1 (Rak1 kiri), ","")&IF('Undian Kubus'!$B$24=C12,"R1-S2 (Rak1 tengah), ","")&IF('Undian Kubus'!$C$24=C12,"R1-S3 (Rak1 kanan), ","")&IF('Undian Kubus'!$D$24=C12,"R2-S1 (Rak2 kiri), ","")&IF('Undian Kubus'!$E$24=C12,"R2-S2 (Rak2 tengah), ","")&IF('Undian Kubus'!$F$24=C12,"R2-S3 (Rak2 kanan), ","")&IF('Undian Kubus'!$G$24=C12,"R3-S1 (Rak3 kiri), ","")&IF('Undian Kubus'!$H$24=C12,"R3-S2 (Rak3 tengah), ","")&IF('Undian Kubus'!$I$24=C12,"R3-S3 (Rak3 kanan), ",""))>2,LEFT(IF('Undian Kubus'!$A$24=C12,"R1-S1 (Rak1 kiri), ","")&IF('Undian Kubus'!$B$24=C12,"R1-S2 (Rak1 tengah), ","")&IF('Undian Kubus'!$C$24=C12,"R1-S3 (Rak1 kanan), ","")&IF('Undian Kubus'!$D$24=C12,"R2-S1 (Rak2 kiri), ","")&IF('Undian Kubus'!$E$24=C12,"R2-S2 (Rak2 tengah), ","")&IF('Undian Kubus'!$F$24=C12,"R2-S3 (Rak2 kanan), ","")&IF('Undian Kubus'!$G$24=C12,"R3-S1 (Rak3 kiri), ","")&IF('Undian Kubus'!$H$24=C12,"R3-S2 (Rak3 tengah), ","")&IF('Undian Kubus'!$I$24=C12,"R3-S3 (Rak3 kanan), ",""),LEN(IF('Undian Kubus'!$A$24=C12,"R1-S1 (Rak1 kiri), ","")&IF('Undian Kubus'!$B$24=C12,"R1-S2 (Rak1 tengah), ","")&IF('Undian Kubus'!$C$24=C12,"R1-S3 (Rak1 kanan), ","")&IF('Undian Kubus'!$D$24=C12,"R2-S1 (Rak2 kiri), ","")&IF('Undian Kubus'!$E$24=C12,"R2-S2 (Rak2 tengah), ","")&IF('Undian Kubus'!$F$24=C12,"R2-S3 (Rak2 kanan), ","")&IF('Undian Kubus'!$G$24=C12,"R3-S1 (Rak3 kiri), ","")&IF('Undian Kubus'!$H$24=C12,"R3-S2 (Rak3 tengah), ","")&IF('Undian Kubus'!$I$24=C12,"R3-S3 (Rak3 kanan), ",""))-2),IF('Undian Kubus'!$A$24=C12,"R1-S1 (Rak1 kiri), ","")&IF('Undian Kubus'!$B$24=C12,"R1-S2 (Rak1 tengah), ","")&IF('Undian Kubus'!$C$24=C12,"R1-S3 (Rak1 kanan), ","")&IF('Undian Kubus'!$D$24=C12,"R2-S1 (Rak2 kiri), ","")&IF('Undian Kubus'!$E$24=C12,"R2-S2 (Rak2 tengah), ","")&IF('Undian Kubus'!$F$24=C12,"R2-S3 (Rak2 kanan), ","")&IF('Undian Kubus'!$G$24=C12,"R3-S1 (Rak3 kiri), ","")&IF('Undian Kubus'!$H$24=C12,"R3-S2 (Rak3 tengah), ","")&IF('Undian Kubus'!$I$24=C12,"R3-S3 (Rak3 kanan), ","")))))) | G12: =IF(B12="","",IFERROR(VLOOKUP(B12,'Undian Kubus'!$A$28:$I$36,7,FALSE),"")) | H12: 1 | I12: =60/9 | J12: =IF(H12="",0,H12*I12)
A13: 7 | B13: =IF('Undian Kubus'!A34="","",'Undian Kubus'!A34) | C13: =IF(B13="","",VLOOKUP(B13,'Undian Kubus'!$A$10:$D$18,2,FALSE)) | D13: =IF(B13="","",VLOOKUP(B13,'Undian Kubus'!$A$10:$D$18,3,FALSE)) | E13: =IF(B13="","",IF(IFERROR(VLOOKUP(B13,'Undian Kubus'!$A$28:$I$36,5,FALSE),"")="","→ isi Rak/Stand & Slot (sheet Undian Kubus)",IFERROR(VLOOKUP(B13,'Undian Kubus'!$A$28:$I$36,4,FALSE),""))) | F13: =IF(B13="","",IF(C13="","",IF(COUNTA('Undian Kubus'!$A$24:$I$24)=0,"→ isi warna marker baris 24 (Undian)",IF(IF('Undian Kubus'!$A$24=C13,"R1-S1 (Rak1 kiri), ","")&IF('Undian Kubus'!$B$24=C13,"R1-S2 (Rak1 tengah), ","")&IF('Undian Kubus'!$C$24=C13,"R1-S3 (Rak1 kanan), ","")&IF('Undian Kubus'!$D$24=C13,"R2-S1 (Rak2 kiri), ","")&IF('Undian Kubus'!$E$24=C13,"R2-S2 (Rak2 tengah), ","")&IF('Undian Kubus'!$F$24=C13,"R2-S3 (Rak2 kanan), ","")&IF('Undian Kubus'!$G$24=C13,"R3-S1 (Rak3 kiri), ","")&IF('Undian Kubus'!$H$24=C13,"R3-S2 (Rak3 tengah), ","")&IF('Undian Kubus'!$I$24=C13,"R3-S3 (Rak3 kanan), ","")="","",IF(LEN(IF('Undian Kubus'!$A$24=C13,"R1-S1 (Rak1 kiri), ","")&IF('Undian Kubus'!$B$24=C13,"R1-S2 (Rak1 tengah), ","")&IF('Undian Kubus'!$C$24=C13,"R1-S3 (Rak1 kanan), ","")&IF('Undian Kubus'!$D$24=C13,"R2-S1 (Rak2 kiri), ","")&IF('Undian Kubus'!$E$24=C13,"R2-S2 (Rak2 tengah), ","")&IF('Undian Kubus'!$F$24=C13,"R2-S3 (Rak2 kanan), ","")&IF('Undian Kubus'!$G$24=C13,"R3-S1 (Rak3 kiri), ","")&IF('Undian Kubus'!$H$24=C13,"R3-S2 (Rak3 tengah), ","")&IF('Undian Kubus'!$I$24=C13,"R3-S3 (Rak3 kanan), ",""))>2,LEFT(IF('Undian Kubus'!$A$24=C13,"R1-S1 (Rak1 kiri), ","")&IF('Undian Kubus'!$B$24=C13,"R1-S2 (Rak1 tengah), ","")&IF('Undian Kubus'!$C$24=C13,"R1-S3 (Rak1 kanan), ","")&IF('Undian Kubus'!$D$24=C13,"R2-S1 (Rak2 kiri), ","")&IF('Undian Kubus'!$E$24=C13,"R2-S2 (Rak2 tengah), ","")&IF('Undian Kubus'!$F$24=C13,"R2-S3 (Rak2 kanan), ","")&IF('Undian Kubus'!$G$24=C13,"R3-S1 (Rak3 kiri), ","")&IF('Undian Kubus'!$H$24=C13,"R3-S2 (Rak3 tengah), ","")&IF('Undian Kubus'!$I$24=C13,"R3-S3 (Rak3 kanan), ",""),LEN(IF('Undian Kubus'!$A$24=C13,"R1-S1 (Rak1 kiri), ","")&IF('Undian Kubus'!$B$24=C13,"R1-S2 (Rak1 tengah), ","")&IF('Undian Kubus'!$C$24=C13,"R1-S3 (Rak1 kanan), ","")&IF('Undian Kubus'!$D$24=C13,"R2-S1 (Rak2 kiri), ","")&IF('Undian Kubus'!$E$24=C13,"R2-S2 (Rak2 tengah), ","")&IF('Undian Kubus'!$F$24=C13,"R2-S3 (Rak2 kanan), ","")&IF('Undian Kubus'!$G$24=C13,"R3-S1 (Rak3 kiri), ","")&IF('Undian Kubus'!$H$24=C13,"R3-S2 (Rak3 tengah), ","")&IF('Undian Kubus'!$I$24=C13,"R3-S3 (Rak3 kanan), ",""))-2),IF('Undian Kubus'!$A$24=C13,"R1-S1 (Rak1 kiri), ","")&IF('Undian Kubus'!$B$24=C13,"R1-S2 (Rak1 tengah), ","")&IF('Undian Kubus'!$C$24=C13,"R1-S3 (Rak1 kanan), ","")&IF('Undian Kubus'!$D$24=C13,"R2-S1 (Rak2 kiri), ","")&IF('Undian Kubus'!$E$24=C13,"R2-S2 (Rak2 tengah), ","")&IF('Undian Kubus'!$F$24=C13,"R2-S3 (Rak2 kanan), ","")&IF('Undian Kubus'!$G$24=C13,"R3-S1 (Rak3 kiri), ","")&IF('Undian Kubus'!$H$24=C13,"R3-S2 (Rak3 tengah), ","")&IF('Undian Kubus'!$I$24=C13,"R3-S3 (Rak3 kanan), ","")))))) | G13: =IF(B13="","",IFERROR(VLOOKUP(B13,'Undian Kubus'!$A$28:$I$36,7,FALSE),"")) | H13: 1 | I13: =60/9 | J13: =IF(H13="",0,H13*I13)
A14: 8 | B14: =IF('Undian Kubus'!A35="","",'Undian Kubus'!A35) | C14: =IF(B14="","",VLOOKUP(B14,'Undian Kubus'!$A$10:$D$18,2,FALSE)) | D14: =IF(B14="","",VLOOKUP(B14,'Undian Kubus'!$A$10:$D$18,3,FALSE)) | E14: =IF(B14="","",IF(IFERROR(VLOOKUP(B14,'Undian Kubus'!$A$28:$I$36,5,FALSE),"")="","→ isi Rak/Stand & Slot (sheet Undian Kubus)",IFERROR(VLOOKUP(B14,'Undian Kubus'!$A$28:$I$36,4,FALSE),""))) | F14: =IF(B14="","",IF(C14="","",IF(COUNTA('Undian Kubus'!$A$24:$I$24)=0,"→ isi warna marker baris 24 (Undian)",IF(IF('Undian Kubus'!$A$24=C14,"R1-S1 (Rak1 kiri), ","")&IF('Undian Kubus'!$B$24=C14,"R1-S2 (Rak1 tengah), ","")&IF('Undian Kubus'!$C$24=C14,"R1-S3 (Rak1 kanan), ","")&IF('Undian Kubus'!$D$24=C14,"R2-S1 (Rak2 kiri), ","")&IF('Undian Kubus'!$E$24=C14,"R2-S2 (Rak2 tengah), ","")&IF('Undian Kubus'!$F$24=C14,"R2-S3 (Rak2 kanan), ","")&IF('Undian Kubus'!$G$24=C14,"R3-S1 (Rak3 kiri), ","")&IF('Undian Kubus'!$H$24=C14,"R3-S2 (Rak3 tengah), ","")&IF('Undian Kubus'!$I$24=C14,"R3-S3 (Rak3 kanan), ","")="","",IF(LEN(IF('Undian Kubus'!$A$24=C14,"R1-S1 (Rak1 kiri), ","")&IF('Undian Kubus'!$B$24=C14,"R1-S2 (Rak1 tengah), ","")&IF('Undian Kubus'!$C$24=C14,"R1-S3 (Rak1 kanan), ","")&IF('Undian Kubus'!$D$24=C14,"R2-S1 (Rak2 kiri), ","")&IF('Undian Kubus'!$E$24=C14,"R2-S2 (Rak2 tengah), ","")&IF('Undian Kubus'!$F$24=C14,"R2-S3 (Rak2 kanan), ","")&IF('Undian Kubus'!$G$24=C14,"R3-S1 (Rak3 kiri), ","")&IF('Undian Kubus'!$H$24=C14,"R3-S2 (Rak3 tengah), ","")&IF('Undian Kubus'!$I$24=C14,"R3-S3 (Rak3 kanan), ",""))>2,LEFT(IF('Undian Kubus'!$A$24=C14,"R1-S1 (Rak1 kiri), ","")&IF('Undian Kubus'!$B$24=C14,"R1-S2 (Rak1 tengah), ","")&IF('Undian Kubus'!$C$24=C14,"R1-S3 (Rak1 kanan), ","")&IF('Undian Kubus'!$D$24=C14,"R2-S1 (Rak2 kiri), ","")&IF('Undian Kubus'!$E$24=C14,"R2-S2 (Rak2 tengah), ","")&IF('Undian Kubus'!$F$24=C14,"R2-S3 (Rak2 kanan), ","")&IF('Undian Kubus'!$G$24=C14,"R3-S1 (Rak3 kiri), ","")&IF('Undian Kubus'!$H$24=C14,"R3-S2 (Rak3 tengah), ","")&IF('Undian Kubus'!$I$24=C14,"R3-S3 (Rak3 kanan), ",""),LEN(IF('Undian Kubus'!$A$24=C14,"R1-S1 (Rak1 kiri), ","")&IF('Undian Kubus'!$B$24=C14,"R1-S2 (Rak1 tengah), ","")&IF('Undian Kubus'!$C$24=C14,"R1-S3 (Rak1 kanan), ","")&IF('Undian Kubus'!$D$24=C14,"R2-S1 (Rak2 kiri), ","")&IF('Undian Kubus'!$E$24=C14,"R2-S2 (Rak2 tengah), ","")&IF('Undian Kubus'!$F$24=C14,"R2-S3 (Rak2 kanan), ","")&IF('Undian Kubus'!$G$24=C14,"R3-S1 (Rak3 kiri), ","")&IF('Undian Kubus'!$H$24=C14,"R3-S2 (Rak3 tengah), ","")&IF('Undian Kubus'!$I$24=C14,"R3-S3 (Rak3 kanan), ",""))-2),IF('Undian Kubus'!$A$24=C14,"R1-S1 (Rak1 kiri), ","")&IF('Undian Kubus'!$B$24=C14,"R1-S2 (Rak1 tengah), ","")&IF('Undian Kubus'!$C$24=C14,"R1-S3 (Rak1 kanan), ","")&IF('Undian Kubus'!$D$24=C14,"R2-S1 (Rak2 kiri), ","")&IF('Undian Kubus'!$E$24=C14,"R2-S2 (Rak2 tengah), ","")&IF('Undian Kubus'!$F$24=C14,"R2-S3 (Rak2 kanan), ","")&IF('Undian Kubus'!$G$24=C14,"R3-S1 (Rak3 kiri), ","")&IF('Undian Kubus'!$H$24=C14,"R3-S2 (Rak3 tengah), ","")&IF('Undian Kubus'!$I$24=C14,"R3-S3 (Rak3 kanan), ","")))))) | G14: =IF(B14="","",IFERROR(VLOOKUP(B14,'Undian Kubus'!$A$28:$I$36,7,FALSE),"")) | H14: 1 | I14: =60/9 | J14: =IF(H14="",0,H14*I14)
A15: 9 | B15: =IF('Undian Kubus'!A36="","",'Undian Kubus'!A36) | C15: =IF(B15="","",VLOOKUP(B15,'Undian Kubus'!$A$10:$D$18,2,FALSE)) | D15: =IF(B15="","",VLOOKUP(B15,'Undian Kubus'!$A$10:$D$18,3,FALSE)) | E15: =IF(B15="","",IF(IFERROR(VLOOKUP(B15,'Undian Kubus'!$A$28:$I$36,5,FALSE),"")="","→ isi Rak/Stand & Slot (sheet Undian Kubus)",IFERROR(VLOOKUP(B15,'Undian Kubus'!$A$28:$I$36,4,FALSE),""))) | F15: =IF(B15="","",IF(C15="","",IF(COUNTA('Undian Kubus'!$A$24:$I$24)=0,"→ isi warna marker baris 24 (Undian)",IF(IF('Undian Kubus'!$A$24=C15,"R1-S1 (Rak1 kiri), ","")&IF('Undian Kubus'!$B$24=C15,"R1-S2 (Rak1 tengah), ","")&IF('Undian Kubus'!$C$24=C15,"R1-S3 (Rak1 kanan), ","")&IF('Undian Kubus'!$D$24=C15,"R2-S1 (Rak2 kiri), ","")&IF('Undian Kubus'!$E$24=C15,"R2-S2 (Rak2 tengah), ","")&IF('Undian Kubus'!$F$24=C15,"R2-S3 (Rak2 kanan), ","")&IF('Undian Kubus'!$G$24=C15,"R3-S1 (Rak3 kiri), ","")&IF('Undian Kubus'!$H$24=C15,"R3-S2 (Rak3 tengah), ","")&IF('Undian Kubus'!$I$24=C15,"R3-S3 (Rak3 kanan), ","")="","",IF(LEN(IF('Undian Kubus'!$A$24=C15,"R1-S1 (Rak1 kiri), ","")&IF('Undian Kubus'!$B$24=C15,"R1-S2 (Rak1 tengah), ","")&IF('Undian Kubus'!$C$24=C15,"R1-S3 (Rak1 kanan), ","")&IF('Undian Kubus'!$D$24=C15,"R2-S1 (Rak2 kiri), ","")&IF('Undian Kubus'!$E$24=C15,"R2-S2 (Rak2 tengah), ","")&IF('Undian Kubus'!$F$24=C15,"R2-S3 (Rak2 kanan), ","")&IF('Undian Kubus'!$G$24=C15,"R3-S1 (Rak3 kiri), ","")&IF('Undian Kubus'!$H$24=C15,"R3-S2 (Rak3 tengah), ","")&IF('Undian Kubus'!$I$24=C15,"R3-S3 (Rak3 kanan), ",""))>2,LEFT(IF('Undian Kubus'!$A$24=C15,"R1-S1 (Rak1 kiri), ","")&IF('Undian Kubus'!$B$24=C15,"R1-S2 (Rak1 tengah), ","")&IF('Undian Kubus'!$C$24=C15,"R1-S3 (Rak1 kanan), ","")&IF('Undian Kubus'!$D$24=C15,"R2-S1 (Rak2 kiri), ","")&IF('Undian Kubus'!$E$24=C15,"R2-S2 (Rak2 tengah), ","")&IF('Undian Kubus'!$F$24=C15,"R2-S3 (Rak2 kanan), ","")&IF('Undian Kubus'!$G$24=C15,"R3-S1 (Rak3 kiri), ","")&IF('Undian Kubus'!$H$24=C15,"R3-S2 (Rak3 tengah), ","")&IF('Undian Kubus'!$I$24=C15,"R3-S3 (Rak3 kanan), ",""),LEN(IF('Undian Kubus'!$A$24=C15,"R1-S1 (Rak1 kiri), ","")&IF('Undian Kubus'!$B$24=C15,"R1-S2 (Rak1 tengah), ","")&IF('Undian Kubus'!$C$24=C15,"R1-S3 (Rak1 kanan), ","")&IF('Undian Kubus'!$D$24=C15,"R2-S1 (Rak2 kiri), ","")&IF('Undian Kubus'!$E$24=C15,"R2-S2 (Rak2 tengah), ","")&IF('Undian Kubus'!$F$24=C15,"R2-S3 (Rak2 kanan), ","")&IF('Undian Kubus'!$G$24=C15,"R3-S1 (Rak3 kiri), ","")&IF('Undian Kubus'!$H$24=C15,"R3-S2 (Rak3 tengah), ","")&IF('Undian Kubus'!$I$24=C15,"R3-S3 (Rak3 kanan), ",""))-2),IF('Undian Kubus'!$A$24=C15,"R1-S1 (Rak1 kiri), ","")&IF('Undian Kubus'!$B$24=C15,"R1-S2 (Rak1 tengah), ","")&IF('Undian Kubus'!$C$24=C15,"R1-S3 (Rak1 kanan), ","")&IF('Undian Kubus'!$D$24=C15,"R2-S1 (Rak2 kiri), ","")&IF('Undian Kubus'!$E$24=C15,"R2-S2 (Rak2 tengah), ","")&IF('Undian Kubus'!$F$24=C15,"R2-S3 (Rak2 kanan), ","")&IF('Undian Kubus'!$G$24=C15,"R3-S1 (Rak3 kiri), ","")&IF('Undian Kubus'!$H$24=C15,"R3-S2 (Rak3 tengah), ","")&IF('Undian Kubus'!$I$24=C15,"R3-S3 (Rak3 kanan), ","")))))) | G15: =IF(B15="","",IFERROR(VLOOKUP(B15,'Undian Kubus'!$A$28:$I$36,7,FALSE),"")) | H15: 1 | I15: =60/9 | J15: =IF(H15="",0,H15*I15)
E16: TOTAL MODUL E | I16: 60 | J16: =ROUND(SUM(J7:J15),2)
A18: Pelanggaran (1=ya):
A19: Sentuh laptop setelah SIAP | B19: 0
A20: Sentuh robot setelah START | B20: 0
A21: Tidak start via tombol robot | B21: 0
A22: Place manual oleh peserta | B22: 0

Sheet Log Run Otonom
A1: LEMBAR LOG RUN OTONOM — LKS 2026
A2: Bingung alur SIAP/START & pencatatan? Buka panduan Log Run di GitHub (klik di sini)
A3: Tim No: | B3: 05 | C3: Nama Tim: | E3: Kontingen: | G3: Arena No:
A4: Hari: | C4: Tanggal: | E4: Juri Penilai: | G4: Juri Pendamping:
A6: DATA RUN
A7: Run No: | D7: Run ID: | E7: RUN-01 | G7: Trial/Final: | H7: Trial
A8: Waktu SIAP: | D8: Waktu START: | G8: Waktu Selesai:
A9: Undian ulang (1/0): | D9: Retry (1/0): | G9: Retry No:
A11: CHECKLIST PROSEDUR JURI (isi 1 = selesai)
A12: No | B12: Item | C12: OK (1/0)
A13: 1 | B13: Layout arena dijelaskan ke peserta
A14: 2 | B14: Peserta nyatakan SIAP
A15: 3 | B15: Laptop tidak disentuh setelah SIAP
A16: 4 | B16: Posisi kubus diacak / diacak ulang
A17: 5 | B17: Sinyal START diberikan
A18: 6 | B18: Peserta tekan tombol START di robot
A19: 7 | B19: Run berjalan otonom
A20: 8 | B20: Hasil dicatat di sheet Modul E
A22: Checklist selesai: | B22: =IF(COUNTIF(C13:C20,1)=8,"LENGKAP","BELUM")
A24: KRONOLOGI KEJADIAN
A25: Waktu | B25: Kejadian | C25: Catatan
B26: Robot start dari posisi start
B27: Navigasi / pick / place
B28: Robot selesai / timeout / STOP
A35: HASIL SINGKAT
A36: Kubus berhasil ditempatkan benar: | C36: =COUNTIF('Modul E'!H7:H15,1) | D36: / 9
A37: Skor Modul E run ini: | C37: ='Modul E'!J16 | D37: / 60
A38: Pelanggaran (ya/tidak):
A39: Jenis pelanggaran:
A41: Tanda tangan Juri: | D41: Tanda tangan Peserta: | G41: Tanda tangan Chief Expert:

Sheet Rekapitulasi
A1: REKAPITULASI SKOR — Robot Bergerak Otonom LKS 2026
A2: Bingung cara baca total & input CIS? Buka panduan di GitHub (klik di sini)
A3: Tim No: | C3: Nama Tim: | E3: Kontingen:
A5: Modul | B5: Kriteria | C5: Bobot Max | D5: Skor | E5: Persen | F5: Metode
A6: A | B6: Organisasi & Manajemen Kerja | C6: 8 | D6: ='Modul A'!H11 | E6: =IF(C6=0,0,D6/C6*100) | F6: J
A7: B | B7: Jurnal Teknis | C7: 10 | D7: ='Modul B'!I15 | E7: =IF(C7=0,0,D7/C7*100) | F7: J+M
A8: C | B8: Perakitan Robot | C8: 10 | D8: ='Modul C'!H11 | E8: =IF(C8=0,0,D8/C8*100) | F8: J
A9: D | B9: Gerakan Dasar | C9: 12 | D9: ='Modul D'!F21 | E9: =IF(C9=0,0,D9/C9*100) | F9: M
A10: E | B10: Performa Otonom | C10: 60 | D10: ='Modul E'!J16 | E10: =IF(C10=0,0,D10/C10*100) | F10: M
B11: TOTAL | C11: 100 | D11: =SUM(D6:D10) | E11: =D11
A13: Skor CIS (0-100):
A14: Skor Konversi (700):
A15: Medallion (>700):
