Workbook

Sheet Panduan
A1: PANDUAN — TIM SMK MUHAMMADIYAH (Job Tetap, Modul E Manual)
A3: VERSI INI untuk latihan / job internal Muhammadiyah — BUKAN template undian resmi LKS nasional.
A5: 1. Baca sheet JOB ARENA — denah KS1–KS9, rak, Gate, Obstacle.
A6: 2. Modul E: kolom B–G sudah terisi (posisi & target). Juri isi H (Hasil Run 1/0) saja.
A7: 3. Log Run Otonom: stopwatch SIAP/START/SELESAI (.xlsm) atau Google Sheets Apps Script.
A8: 4. Modul A–D & Rekapitulasi sama seperti template utama.
A10: Sheet: Panduan | Job Arena | Modul A–E | Log Run | Rekapitulasi
A12: Panduan lengkap: https://github.com/antonprafanto/LKS2026/blob/main/docs/PANDUAN-JOB-MUHAMMADIYAH.md

Sheet Modul A
A1: MODUL A — Organisasi & Manajemen Kerja (8 poin, Judgement)
A2: Bingung cara nilai Modul A? Buka panduan di GitHub (klik di sini)
A3: Tim No: | C3: Nama Tim: | E3: Kontingen: | G3: Tanggal:
A4: Juri 1: | C4: Juri 2: | E4: Juri 3:
A6: Sub | B6: Kriteria | C6: Max | D6: Juri 1 | E6: Juri 2 | F6: Juri 3 | G6: Rata-rata | H6: Skor Akhir | I6: Selisih | J6: Catatan
A7: A1 | B7: Efisiensi Penjadwalan Kerja | C7: 2 | G7: =IF(COUNT(D7:F7)=0,"",AVERAGE(D7:F7)) | H7: =IF(G7="",0,G7*C7/3) | I7: =IF(COUNT(D7:F7)<2,"",MAX(D7:F7)-MIN(D7:F7))
A8: A2 | B8: Kolaborasi Tim & Manajemen Tugas | C8: 2 | G8: =IF(COUNT(D8:F8)=0,"",AVERAGE(D8:F8)) | H8: =IF(G8="",0,G8*C8/3) | I8: =IF(COUNT(D8:F8)<2,"",MAX(D8:F8)-MIN(D8:F8))
A9: A3 | B9: Organisasi & Kerapian Area Kerja (5S) | C9: 2 | G9: =IF(COUNT(D9:F9)=0,"",AVERAGE(D9:F9)) | H9: =IF(G9="",0,G9*C9/3) | I9: =IF(COUNT(D9:F9)<2,"",MAX(D9:F9)-MIN(D9:F9))
A10: A4 | B10: Restorasi Area Kerja | C10: 2 | G10: =IF(COUNT(D10:F10)=0,"",AVERAGE(D10:F10)) | H10: =IF(G10="",0,G10*C10/3) | I10: =IF(COUNT(D10:F10)<2,"",MAX(D10:F10)-MIN(D10:F10))
B11: TOTAL MODUL A | C11: 8 | H11: =SUM(H7:H10)

Sheet Modul B
A1: MODUL B — Jurnal / Laporan Teknis (10 poin: J 8 + M 2)
A2: Bingung cara nilai Modul B? Buka panduan di GitHub (klik di sini)
A3: Tim No: | C3: Nama Tim: | E3: Kontingen: | G3: Deadline:
A4: Juri 1: | C4: Juri 2: | E4: Juri 3: | G4: Tepat Waktu (1/0):
A6: Kode | B6: Aspek | C6: Tipe | D6: Max | E6: J1 | F6: J2 | G6: J3 | H6: Rata-rata | I6: Skor Akhir | J6: Selisih | K6: Catatan
A7: B-J1 | B7: Kualitas Fabrikasi Rangka & Stabilitas | C7: J | D7: 1.5 | H7: =IF(COUNT(E7:G7)=0,"",AVERAGE(E7:G7)) | I7: =IF(H7="",0,H7*D7/3) | J7: =IF(COUNT(E7:G7)<2,"",MAX(E7:G7)-MIN(E7:G7))
A8: B-J2 | B8: Manajemen Pengkabelan (Wiring) | C8: J | D8: 1.5 | H8: =IF(COUNT(E8:G8)=0,"",AVERAGE(E8:G8)) | I8: =IF(H8="",0,H8*D8/3) | J8: =IF(COUNT(E8:G8)<2,"",MAX(E8:G8)-MIN(E8:G8))
A9: B-J3 | B9: Integrasi Sistem Penggerak | C9: J | D9: 1.5 | H9: =IF(COUNT(E9:G9)=0,"",AVERAGE(E9:G9)) | I9: =IF(H9="",0,H9*D9/3) | J9: =IF(COUNT(E9:G9)<2,"",MAX(E9:G9)-MIN(E9:G9))
A10: B-J4 | B10: Kalibrasi Sensor & Aktuator | C10: J | D10: 1.5 | H10: =IF(COUNT(E10:G10)=0,"",AVERAGE(E10:G10)) | I10: =IF(H10="",0,H10*D10/3) | J10: =IF(COUNT(E10:G10)<2,"",MAX(E10:G10)-MIN(E10:G10))
A11: B-J5 | B11: Optimasi Software-Hardware | C11: J | D11: 1.5 | H11: =IF(COUNT(E11:G11)=0,"",AVERAGE(E11:G11)) | I11: =IF(H11="",0,H11*D11/3) | J11: =IF(COUNT(E11:G11)<2,"",MAX(E11:G11)-MIN(E11:G11))
A12: B-J6 | B12: Kelengkapan Dokumentasi | C12: J | D12: 0.5 | H12: =IF(COUNT(E12:G12)=0,"",AVERAGE(E12:G12)) | I12: =IF(H12="",0,H12*D12/3) | J12: =IF(COUNT(E12:G12)<2,"",MAX(E12:G12)-MIN(E12:G12))
B13: SUBTOTAL JUDGEMENT | D13: 8 | I13: =SUM(I7:I12)
A14: B-M1 | B14: Ketepatan Mengumpulkan sesuai Waktu | C14: M | D14: 2 | I14: =IF(G4="",0,G4*D14)
B15: TOTAL MODUL B | D15: 10 | I15: =I13+I14
A17: CHECKLIST KELENGKAPAN (1=ada)
A18: C1 | B18: Analisis Tugas & Strategi
A19: C2 | B19: Desain Mekanik
A20: C3 | B20: Diagram Blok
A21: C4 | B21: Bill of Materials
A22: C5 | B22: Dokumentasi Fabrikasi
A23: C6 | B23: Manajemen Kelistrikan
A24: C7 | B24: Penempatan Sensor
A25: C8 | B25: Arsitektur Software
A26: C9 | B26: Algoritma Navigasi
A27: C10 | B27: Algoritma Visi
A28: C11 | B28: Flowchart
A29: C12 | B29: Data Kalibrasi
... A31: C14 | B31: Log Troubleshooting

Sheet Modul C
A1: MODUL C — Pembuatan & Perakitan Robot (10 poin, Judgement)
A2: Bingung cara nilai Modul C? Buka panduan di GitHub (klik di sini)
A3: Tim No: | C3: Nama Tim: | E3: Waktu Mulai: | G3: Waktu Selesai: | I3: Durasi (jam):
A4: Juri 1: | C4: Juri 2: | E4: Juri 3:
A6: Sub | B6: Kriteria | C6: Max | D6: J1 | E6: J2 | F6: J3 | G6: Rata-rata | H6: Skor Akhir | I6: Selisih | J6: Catatan
A7: C1 | B7: Perakitan L-Channel sebagai Penyangga Utama Lift | C7: 2.5 | G7: =IF(COUNT(D7:F7)=0,"",AVERAGE(D7:F7)) | H7: =IF(G7="",0,G7*C7/3) | I7: =IF(COUNT(D7:F7)<2,"",MAX(D7:F7)-MIN(D7:F7))
A8: C2 | B8: Integrasi Sistem Angkat / Gripper / Lifter | C8: 2.5 | G8: =IF(COUNT(D8:F8)=0,"",AVERAGE(D8:F8)) | H8: =IF(G8="",0,G8*C8/3) | I8: =IF(COUNT(D8:F8)<2,"",MAX(D8:F8)-MIN(D8:F8))
A9: C3 | B9: Kualitas Rewiring (rapi, aman) | C9: 2.5 | G9: =IF(COUNT(D9:F9)=0,"",AVERAGE(D9:F9)) | H9: =IF(G9="",0,G9*C9/3) | I9: =IF(COUNT(D9:F9)<2,"",MAX(D9:F9)-MIN(D9:F9))
A10: C4 | B10: Kelayakan Operasional (STOP, struktur stabil) | C10: 2.5 | G10: =IF(COUNT(D10:F10)=0,"",AVERAGE(D10:F10)) | H10: =IF(G10="",0,G10*C10/3) | I10: =IF(COUNT(D10:F10)<2,"",MAX(D10:F10)-MIN(D10:F10))
B11: TOTAL MODUL C | C11: 10 | H11: =SUM(H7:H10)
A13: CHECKLIST INSPEKSI (1=Lulus 0=Tidak)
A14: I1 | B14: L-Channel sebagai penyangga utama angkat
A15: I2 | B15: Sistem objek terpasang kuat di L-Channel
A16: I3 | B16: Tidak ada kabel terbuka/terjepit
A17: I4 | B17: Tombol STOP merah berfungsi
A18: I5 | B18: Selesai dalam batas 2 jam
A19: I6 | B19: Robot aman dioperasikan (K3)

Sheet Modul D
A1: MODUL D — Gerakan Dasar & Manajemen Objek (12 poin, Measurement)
A2: Bingung cara nilai Modul D? Buka panduan di GitHub (klik di sini)
A3: Tim No: | C3: Nama Tim: | E3: Tanggal:
A4: Juri Penilai:
A6: ID | B6: Evaluasi | C6: Indikator | D6: Bobot | E6: Hasil (1/0) | F6: Skor | G6: Catatan
A7: D1a | B7: Gerak maju 200-300 mm | C7: Observasi | D7: 0.5 | F7: =IF(E7="",0,E7*D7)
A8: D1b | B8: Gerak mundur 200-300 mm | C8: Observasi | D8: 0.5 | F8: =IF(E8="",0,E8*D8)
A9: D1c | B9: Gerak kanan 200-300 mm | C9: Observasi | D9: 0.5 | F9: =IF(E9="",0,E9*D9)
A10: D1d | B10: Gerak kiri 200-300 mm | C10: Observasi | D10: 0.5 | F10: =IF(E10="",0,E10*D10)
A11: D2a | B11: Maju stop 50-100 mm dari dinding | C11: Observasi | D11: 0.3 | F11: =IF(E11="",0,E11*D11)
A12: D2b | B12: Kanan stop 50-100 mm dari dinding | C12: Observasi | D12: 0.6 | F12: =IF(E12="",0,E12*D12)
A13: D3 | B13: Ikuti garis U | C13: Line follower | D13: 1 | F13: =IF(E13="",0,E13*D13)
A14: D4 | B14: Deteksi merah → teks merah | C14: Monitor | D14: 1 | F14: =IF(E14="",0,E14*D14)
A15: D5 | B15: Deteksi hijau → teks hijau | C15: Monitor | D15: 1 | F15: =IF(E15="",0,E15*D15)
A16: D6 | B16: Deteksi biru → teks biru | C16: Monitor | D16: 1 | F16: =IF(E16="",0,E16*D16)
A17: D7 | B17: Deteksi O-merah | C17: Monitor | D17: 1 | F17: =IF(E17="",0,E17*D17)
A18: D8 | B18: Deteksi O-hijau | C18: Monitor | D18: 1 | F18: =IF(E18="",0,E18*D18)
... A20: D10 | B20: Place kubus ke standbox | C20: Observasi arm | D20: 2 | F20: =IF(E20="",0,E20*D20)
B21: TOTAL (skala 12) | D21: 12 | F21: =ROUND(SUM(F7:F20)*12/12.9,2) | G21: Bobot mentah item = 12.9

Sheet Job Arena
A1: JOB ARENA — SMK MUHAMMADIYAH (layout tetap)
A2: Panduan job Muhammadiyah di GitHub (klik di sini)
A28: KATALOG KUBUS
A29: ID Kubus | B29: Warna | C29: Bentuk | D29: Stand (KS) | E29: Target Rak | F29: Slot warna
A30: K-M1 | B30: Merah | C30: Lingkaran | D30: KS7 | E30: Rak 1 (Lingkaran) | F30: Merah
A31: K-M2 | B31: Merah | C31: Persegi | D31: KS4 | E31: Rak 2 (Persegi) | F31: Merah
A32: K-M3 | B32: Merah | C32: Segitiga | D32: KS1 | E32: Rak 3 (Segitiga) | F32: Merah
A33: K-H1 | B33: Hijau | C33: Lingkaran | D33: KS8 | E33: Rak 1 (Lingkaran) | F33: Hijau
A34: K-H2 | B34: Hijau | C34: Persegi | D34: KS5 | E34: Rak 2 (Persegi) | F34: Hijau
A35: K-H3 | B35: Hijau | C35: Segitiga | D35: KS2 | E35: Rak 3 (Segitiga) | F35: Hijau
A36: K-B1 | B36: Biru | C36: Lingkaran | D36: KS9 | E36: Rak 1 (Lingkaran) | F36: Biru
A37: K-B2 | B37: Biru | C37: Persegi | D37: KS6 | E37: Rak 2 (Persegi) | F37: Biru
A38: K-B3 | B38: Biru | C38: Segitiga | D38: KS3 | E38: Rak 3 (Segitiga) | F38: Biru
A40: POSISI STAND (KS) — denah
A41: Stand | B41: Lokasi | C41: Kubus awal
A42: KS1 | B42: Kiri arena | C42: K-M3
A43: KS2 | B43: Kiri arena | C43: K-H3
A44: KS3 | B44: Kiri arena | C44: K-B3
A45: KS4 | B45: Atas arena | C45: K-M2
A46: KS5 | B46: Atas arena | C46: K-H2
A47: KS6 | B47: Atas arena | C47: K-B2
A48: KS7 | B48: Kanan arena | C48: K-M1
A49: KS8 | B49: Kanan arena | C49: K-H1
A50: KS9 | B50: Kanan arena | C50: K-B1
A52: RAK TARGET
A53: Rak | B53: Bentuk | C53: Marker slot (M-H-B)
A54: Rak 1 | B54: Lingkaran | C54: Merah | Hijau | Biru (kiri–tengah–kanan)
A55: Rak 2 | B55: Persegi | C55: Merah | Hijau | Biru (kiri–tengah–kanan)
A56: Rak 3 | B56: Segitiga | C56: Merah | Hijau | Biru (kiri–tengah–kanan)
A58: JOB DESKRIPSI
A59: 1. Memindahkan semua kubus ke rak yang sesuai bentuk & warna (Lingkaran→Rak1, Persegi→Rak2, Segitiga→Rak3).
A60: 2. Saat membawa kubus: robot BOLEH melewati Gate.
A61: 3. Saat TIDAK membawa kubus: robot WAJIB melewati Obstacle.
A63: OBSTACLE & GATE (referensi denah)
A64: Gate: kiri bawah — boleh dilalui saat bawa kubus.
A65: Obstacle: 2 buah di arena — wajib dilalui saat tanpa kubus.

Sheet Modul E
A1: MODUL E — Job Tetap SMK Muhammadiyah (60 poin, manual)
A2: Panduan job Muhammadiyah (GitHub)
A3: Tim No: | C3: Run ID: | E3: Hari: | G3: Trial/Final:
A4: Arena No: | C4: Waktu START: | D4: ='Log Run Otonom'!E8
A5: JOB TETAP — tidak perlu Undian Kubus. Kolom B–G sudah terisi dari sheet Job Arena. Juri isi kolom H (Hasil Run 1/0) setelah run. Sukses = kubus di rak bentuk benar + slot warna cocok + stabil.
A6: No | B6: ID Kubus | C6: Warna | D6: Bentuk | E6: Posisi Awal (KS) | F6: Target Rak | G6: Slot Target | H6: Hasil Run (1/0) | I6: Bobot | J6: Skor | K6: Catatan
A7: 1 | B7: K-M1 | C7: Merah | D7: Lingkaran | E7: KS7 | F7: Rak 1 (Lingkaran) | G7: Merah | I7: =60/9 | J7: =IF(H7="",0,H7*I7)
A8: 2 | B8: K-M2 | C8: Merah | D8: Persegi | E8: KS4 | F8: Rak 2 (Persegi) | G8: Merah | I8: =60/9 | J8: =IF(H8="",0,H8*I8)
A9: 3 | B9: K-M3 | C9: Merah | D9: Segitiga | E9: KS1 | F9: Rak 3 (Segitiga) | G9: Merah | I9: =60/9 | J9: =IF(H9="",0,H9*I9)
A10: 4 | B10: K-H1 | C10: Hijau | D10: Lingkaran | E10: KS8 | F10: Rak 1 (Lingkaran) | G10: Hijau | I10: =60/9 | J10: =IF(H10="",0,H10*I10)
A11: 5 | B11: K-H2 | C11: Hijau | D11: Persegi | E11: KS5 | F11: Rak 2 (Persegi) | G11: Hijau | I11: =60/9 | J11: =IF(H11="",0,H11*I11)
A12: 6 | B12: K-H3 | C12: Hijau | D12: Segitiga | E12: KS2 | F12: Rak 3 (Segitiga) | G12: Hijau | I12: =60/9 | J12: =IF(H12="",0,H12*I12)
A13: 7 | B13: K-B1 | C13: Biru | D13: Lingkaran | E13: KS9 | F13: Rak 1 (Lingkaran) | G13: Biru | I13: =60/9 | J13: =IF(H13="",0,H13*I13)
A14: 8 | B14: K-B2 | C14: Biru | D14: Persegi | E14: KS6 | F14: Rak 2 (Persegi) | G14: Biru | I14: =60/9 | J14: =IF(H14="",0,H14*I14)
A15: 9 | B15: K-B3 | C15: Biru | D15: Segitiga | E15: KS3 | F15: Rak 3 (Segitiga) | G15: Biru | I15: =60/9 | J15: =IF(H15="",0,H15*I15)
F16: TOTAL MODUL E | I16: 60 | J16: =ROUND(SUM(J7:J15),2)
A18: Pelanggaran (1=ya):
A19: Sentuh laptop setelah SIAP | B19: 0
A20: Sentuh robot setelah START | B20: 0
A21: Tidak start via tombol robot | B21: 0
A22: Place manual oleh peserta | B22: 0

Sheet Log Run Otonom
A1: LEMBAR LOG RUN OTONOM — LKS 2026
A2: Bingung alur SIAP/START & pencatatan? Buka panduan Log Run di GitHub (klik di sini)
A3: Tim No: | C3: Nama Tim: | E3: Kontingen: | G3: Arena No:
A4: Hari: | C4: Tanggal: | E4: Juri Penilai: | G4: Juri Pendamping:
A6: DATA RUN | J6: STOPWATCH RUN — klik tombol di bawah (file .xlsm, Enable Macro)
A7: Run No: | D7: Run ID: | G7: Trial/Final: | J7: Durasi live (F9): | K7: =IF(E8="","",IF(H8<>"",H8-E8,NOW()-TODAY()-E8))
A8: Jam SIAP (nyata): | D8: Jam START (nyata): | G8: Jam selesai (nyata): | J8: Durasi final: | K8: =IF(AND(E8<>"",H8<>""),H8-E8,"")
A9: Undian ulang (1/0): | D9: Retry (1/0): | G9: Retry No: | J9: Menit: | K9: =IF(K8="","",ROUND(K8*24*60,1))
J10: Tanpa macro (.xlsx): Ctrl+Shift+: untuk waktu | tekan F9 saat run untuk refresh durasi live. Disarankan .xlsm + tombol ▶ SIAP ▶ START ■ SELESAI (Enable Macro).
A11: CHECKLIST PROSEDUR JURI (isi 1 = selesai)
A12: No | B12: Item | C12: OK (1/0)
A13: 1 | B13: Layout arena dijelaskan ke peserta
A14: 2 | B14: Peserta nyatakan SIAP
A15: 3 | B15: Laptop tidak disentuh setelah SIAP
A16: 4 | B16: Posisi kubus diacak / diacak ulang
A17: 5 | B17: Sinyal START diberikan
A18: 6 | B18: Peserta tekan tombol START di robot
A19: 7 | B19: Run berjalan otonom
A20: 8 | B20: Hasil dicatat di sheet Modul E
A22: Checklist selesai: | B22: =IF(COUNTIF(C13:C20,1)=8,"LENGKAP","BELUM")
A24: KRONOLOGI KEJADIAN
A25: Waktu | B25: Kejadian | C25: Catatan
B26: Robot start dari posisi start
B27: Navigasi / pick / place
B28: Robot selesai / timeout / STOP
A35: HASIL SINGKAT
A36: Kubus berhasil ditempatkan benar: | C36: =COUNTIF('Modul E'!H7:H15,1) | D36: / 9
A37: Skor Modul E run ini: | C37: ='Modul E'!J16 | D37: / 60
A38: Pelanggaran (ya/tidak):
A39: Jenis pelanggaran:
A41: Tanda tangan Juri: | D41: Tanda tangan Peserta: | G41: Tanda tangan Chief Expert:

Sheet Rekapitulasi
A1: REKAPITULASI SKOR — Robot Bergerak Otonom LKS 2026
A2: Bingung cara baca total & input CIS? Buka panduan di GitHub (klik di sini)
A3: Tim No: | C3: Nama Tim: | E3: Kontingen:
A5: Modul | B5: Kriteria | C5: Bobot Max | D5: Skor | E5: Persen | F5: Metode
A6: A | B6: Organisasi & Manajemen Kerja | C6: 8 | D6: ='Modul A'!H11 | E6: =IF(C6=0,0,D6/C6*100) | F6: J
A7: B | B7: Jurnal Teknis | C7: 10 | D7: ='Modul B'!I15 | E7: =IF(C7=0,0,D7/C7*100) | F7: J+M
A8: C | B8: Perakitan Robot | C8: 10 | D8: ='Modul C'!H11 | E8: =IF(C8=0,0,D8/C8*100) | F8: J
A9: D | B9: Gerakan Dasar | C9: 12 | D9: ='Modul D'!F21 | E9: =IF(C9=0,0,D9/C9*100) | F9: M
A10: E | B10: Performa Otonom | C10: 60 | D10: ='Modul E'!J16 | E10: =IF(C10=0,0,D10/C10*100) | F10: M
B11: TOTAL | C11: 100 | D11: =SUM(D6:D10) | E11: =D11
A13: Skor CIS (0-100):
A14: Skor Konversi (700):
A15: Medallion (>700):
